MaintenanceID,TurbineID,MaintenanceDate,MaintenanceType,Cost
1,101,2025-09-25,Corrective,3493.0
2,34,2025-03-29,Preventive,9469.25
3,118,2025-01-26,Preventive,5423.25
4,58,2025-08-13,Preventive,5408.88
5,40,2025-11-09,Corrective,6569.93
6,103,2025-04-10,Preventive,2543.89
7,132,2025-03-16,Preventive,1223.77
8,149,2025-06-10,Corrective,7029.86
9,50,2025-06-14,Preventive,4900.73
10,107,2025-02-02,Corrective,6821.81
11,19,2025-07-13,Preventive,9404.75
12,85,2025-04-23,Preventive,1503.29
13,57,2025-03-29,Corrective,8495.77
14,85,2025-04-14,Preventive,755.39
15,36,2025-11-03,Preventive,2257.5
16,47,2025-10-16,Preventive,989.08
17,87,2025-11-09,Corrective,1531.92
18,96,2025-07-26,Corrective,5749.92
19,46,2025-11-28,Preventive,1725.61
20,80,2025-11-04,Preventive,7818.76
21,52,2025-06-30,Corrective,9158.12
22,126,2025-02-15,Corrective,627.04
23,135,2025-10-09,Preventive,6104.2
24,76,2025-01-19,Preventive,7897.46
25,76,2025-02-13,Preventive,1127.61
26,132,2025-04-16,Corrective,5492.43
27,97,2025-02-13,Corrective,9433.06
28,125,2025-05-28,Corrective,1875.74
29,130,2025-02-08,Preventive,9016.86
30,61,2025-01-21,Preventive,6965.11
31,149,2025-10-25,Preventive,8230.27
32,68,2025-04-15,Preventive,935.46
33,86,2025-05-19,Preventive,5452.64
34,50,2025-01-21,Corrective,678.79
35,15,2025-03-11,Preventive,6907.78
36,126,2025-09-18,Corrective,5073.81
37,113,2025-03-25,Preventive,2753.64
38,3,2025-11-15,Corrective,5272.57
39,21,2025-05-21,Preventive,3753.71
40,41,2025-03-26,Corrective,7130.36
41,79,2025-03-03,Corrective,2505.02
42,145,2025-01-03,Corrective,4119.41
43,114,2025-12-06,Preventive,9282.26
44,56,2025-03-08,Preventive,1240.16
45,36,2025-11-26,Preventive,5642.69
46,57,2025-01-10,Corrective,8373.4
47,31,2025-06-23,Preventive,6347.92
48,114,2025-01-14,Corrective,5649.45
49,107,2025-12-11,Preventive,6593.34
50,54,2025-06-18,Corrective,4044.89
51,12,2025-06-08,Preventive,2325.97
52,39,2025-08-22,Preventive,1928.04
53,31,2025-10-28,Preventive,4277.77
54,93,2025-12-09,Corrective,7214.81
55,128,2025-09-05,Preventive,7515.5
56,85,2025-12-17,Corrective,1694.1
57,120,2025-07-14,Corrective,4025.34
58,108,2025-05-29,Corrective,1831.81
59,45,2025-09-30,Corrective,7940.48
60,106,2025-10-14,Preventive,4915.71
61,63,2025-05-04,Corrective,6770.26
62,145,2025-02-22,Preventive,9967.46
63,91,2025-06-01,Preventive,4184.5
64,18,2025-04-18,Preventive,6557.52
65,134,2025-02-01,Corrective,5970.75
66,130,2025-12-08,Corrective,9428.42
67,80,2025-08-22,Corrective,8559.3
68,48,2025-11-05,Preventive,3372.46
69,13,2025-10-24,Preventive,6616.57
70,29,2025-02-14,Preventive,7134.69
71,60,2025-03-28,Preventive,7410.93
72,77,2025-09-11,Preventive,8184.32
73,32,2025-09-09,Preventive,1351.76
74,134,2025-08-29,Preventive,6691.49
75,101,2025-10-20,Corrective,802.68
76,142,2025-11-24,Preventive,7583.61
77,108,2025-05-24,Preventive,2768.07
78,84,2025-07-11,Preventive,5351.07
79,79,2025-02-17,Preventive,6439.39
80,35,2025-08-02,Preventive,4685.37
81,135,2025-12-20,Corrective,1352.43
82,39,2025-03-12,Corrective,3989.83
83,16,2025-01-11,Corrective,7681.67
84,96,2025-11-12,Corrective,2083.81
85,143,2025-09-29,Preventive,5271.62
86,118,2025-12-08,Corrective,6851.46
87,61,2025-02-27,Preventive,1894.79
88,21,2025-02-16,Corrective,8874.45
89,145,2025-09-01,Preventive,8788.64
90,15,2025-10-14,Preventive,9853.43
91,83,2025-01-17,Preventive,8582.6
92,118,2025-10-18,Preventive,2672.84
93,127,2025-10-16,Preventive,7033.58
94,26,2025-12-28,Corrective,2378.81
95,111,2025-05-14,Preventive,7310.29
96,85,2025-05-14,Corrective,3483.62
97,16,2025-01-28,Corrective,5232.99
98,16,2025-12-18,Corrective,6374.55
99,122,2025-12-24,Preventive,4127.71
100,86,2025-02-26,Preventive,5933.55
101,146,2025-01-13,Preventive,9137.97
102,94,2025-11-14,Corrective,3374.54
103,142,2025-11-18,Preventive,1018.08
104,115,2025-09-02,Corrective,9382.02
105,1,2025-02-15,Preventive,929.65
106,104,2025-05-03,Preventive,713.84
107,57,2025-04-18,Preventive,5212.9
108,86,2025-09-02,Corrective,7191.78
109,5,2025-03-05,Preventive,5810.15
110,149,2025-01-02,Preventive,2941.09
111,122,2025-08-24,Corrective,1986.3
112,21,2025-09-27,Corrective,9395.81
113,139,2025-07-16,Corrective,3773.82
114,55,2025-03-24,Preventive,1532.58
115,71,2025-04-20,Corrective,6136.6
116,8,2025-05-26,Preventive,1373.7
117,97,2025-11-29,Corrective,5576.23
118,145,2025-09-20,Preventive,7036.31
119,118,2025-06-27,Corrective,7547.58
120,96,2025-12-13,Preventive,8098.76
121,115,2025-09-03,Corrective,1020.76
122,133,2025-08-19,Preventive,4483.53
123,55,2025-02-21,Corrective,7156.51
124,32,2025-09-27,Preventive,3220.8
125,15,2025-02-01,Preventive,3289.21
126,2,2025-09-11,Preventive,1921.79
127,48,2025-08-21,Corrective,530.99
128,53,2025-05-03,Preventive,7513.72
129,5,2025-05-15,Corrective,3267.3
130,30,2025-07-19,Corrective,8195.11
131,23,2025-02-14,Preventive,2622.58
132,84,2025-05-10,Corrective,8551.98
133,123,2025-11-04,Preventive,8920.68
134,71,2025-04-24,Preventive,9087.73
135,109,2025-02-28,Preventive,7928.41
136,19,2025-10-09,Preventive,1138.4
137,109,2025-05-22,Corrective,3425.84
138,92,2025-03-27,Corrective,5701.3
139,24,2025-09-10,Corrective,6365.49
140,124,2025-12-22,Corrective,5325.3
141,140,2025-01-03,Preventive,5554.5
142,88,2025-02-14,Corrective,1125.84
143,21,2025-04-20,Corrective,5282.31
144,92,2025-06-05,Corrective,2649.18
145,76,2025-08-15,Preventive,4134.98
146,17,2025-09-25,Preventive,2792.77
147,147,2025-11-29,Preventive,4678.24
148,41,2025-10-18,Preventive,2490.47
149,69,2025-11-22,Preventive,9287.31
150,138,2025-12-02,Preventive,1260.36
151,117,2025-02-12,Preventive,8962.63
152,114,2025-04-20,Preventive,7984.24
153,80,2025-01-27,Preventive,2866.59
154,132,2025-03-13,Preventive,7860.66
155,4,2025-02-22,Corrective,6242.37
156,93,2025-01-05,Preventive,6854.01
157,122,2025-08-01,Preventive,3779.54
158,133,2025-05-14,Preventive,829.67
159,118,2025-04-10,Preventive,2422.08
160,112,2025-01-11,Preventive,3426.81
161,25,2025-07-25,Preventive,4024.4
162,11,2025-09-06,Preventive,7823.54
163,143,2025-11-05,Corrective,6739.1
164,122,2025-01-02,Preventive,5697.4
165,75,2025-08-04,Preventive,4331.91
166,53,2025-02-12,Preventive,6969.76
167,86,2025-10-09,Corrective,1721.53
168,85,2025-09-02,Preventive,7443.39
169,110,2025-01-25,Corrective,9126.33
170,35,2025-05-18,Preventive,2807.15
171,50,2025-07-27,Corrective,9112.97
172,41,2025-07-31,Corrective,6986.82
173,54,2025-11-09,Corrective,2866.67
174,13,2025-12-30,Preventive,7567.92
175,30,2025-05-30,Corrective,8302.43
176,42,2025-05-30,Preventive,9393.66
177,13,2025-11-21,Preventive,7637.06
178,87,2025-10-04,Corrective,8634.88
179,84,2025-06-02,Preventive,6164.93
180,16,2025-04-12,Preventive,5105.46
181,58,2025-07-11,Corrective,1253.1
182,52,2025-08-25,Preventive,2735.07
183,141,2025-02-20,Corrective,8825.49
184,69,2025-03-24,Corrective,7945.28
185,76,2025-06-10,Corrective,3803.83
186,39,2025-03-20,Corrective,1016.91
187,90,2025-03-09,Preventive,3640.99
188,100,2025-09-03,Corrective,4619.91
189,37,2025-07-21,Preventive,2372.98
190,69,2025-04-02,Preventive,5977.96
191,138,2025-04-17,Preventive,9817.32
192,124,2025-05-28,Corrective,3095.15
193,11,2025-02-01,Preventive,7774.5
194,145,2025-03-09,Preventive,2752.49
195,61,2025-12-02,Corrective,6510.79
196,144,2025-06-01,Corrective,2505.05
197,61,2025-01-13,Preventive,7322.65
198,124,2025-11-04,Preventive,6964.7
199,104,2025-12-28,Corrective,7273.22
200,69,2025-07-25,Corrective,9941.78
201,104,2025-01-17,Corrective,4886.09
202,102,2025-11-27,Preventive,3821.3
203,52,2025-04-18,Preventive,1233.55
204,87,2025-11-29,Preventive,584.13
205,99,2025-02-03,Preventive,3541.09
206,150,2025-12-04,Corrective,8270.49
207,54,2025-09-17,Corrective,1584.42
208,26,2025-04-12,Corrective,7184.44
209,132,2025-02-21,Preventive,8063.06
210,97,2025-11-20,Corrective,3055.37
211,77,2025-05-02,Corrective,5461.53
212,93,2025-08-15,Preventive,4328.26
213,81,2025-06-13,Corrective,2465.13
214,112,2025-04-09,Corrective,9703.12
215,42,2025-11-25,Corrective,5926.04
216,19,2025-07-15,Preventive,7516.33
217,121,2025-10-14,Preventive,7215.56
218,23,2025-12-13,Corrective,4903.97
219,25,2025-10-31,Preventive,6770.32
220,137,2025-11-05,Preventive,3404.98
221,107,2025-12-16,Corrective,5094.29
222,55,2025-01-16,Corrective,6731.04
223,30,2025-07-31,Preventive,7981.96
224,128,2025-05-25,Preventive,4801.82
225,56,2025-02-22,Corrective,9013.17
226,32,2025-01-14,Corrective,5167.0
227,115,2025-01-14,Corrective,9528.61
228,9,2025-12-04,Corrective,1957.93
229,122,2025-05-09,Corrective,7109.4
230,60,2025-05-24,Preventive,6883.25
231,28,2025-01-02,Preventive,6181.15
232,22,2025-02-25,Preventive,1746.74
233,48,2025-09-21,Corrective,4839.78
234,146,2025-10-21,Preventive,9115.7
235,39,2025-03-06,Corrective,6670.33
236,50,2025-01-27,Preventive,6349.99
237,61,2025-11-13,Preventive,1724.98
238,67,2025-05-28,Preventive,9619.19
239,127,2025-08-28,Preventive,3632.71
240,110,2025-12-27,Corrective,4820.61
241,19,2025-12-10,Preventive,5520.25
242,40,2025-04-21,Preventive,8455.43
243,98,2025-08-21,Corrective,8074.81
244,17,2025-05-28,Preventive,7677.31
245,129,2025-10-26,Preventive,8584.18
246,73,2025-01-12,Corrective,1735.77
247,47,2025-03-03,Corrective,6247.43
248,93,2025-02-19,Corrective,4179.9
249,104,2025-08-22,Preventive,5414.7
250,14,2025-09-18,Corrective,6800.61
251,148,2025-09-19,Corrective,8157.05
252,69,2025-04-20,Corrective,1735.62
253,42,2025-03-10,Preventive,9500.9
254,56,2025-01-17,Preventive,9800.07
255,127,2025-03-06,Corrective,2690.1
256,68,2025-09-21,Corrective,3350.79
257,10,2025-05-07,Preventive,4469.69
258,48,2025-08-09,Preventive,2674.54
259,62,2025-04-06,Corrective,5057.49
260,9,2025-12-20,Corrective,9400.69
261,107,2025-10-28,Preventive,1423.67
262,69,2025-07-16,Corrective,3225.16
263,10,2025-11-20,Preventive,1843.28
264,13,2025-02-04,Preventive,8778.11
265,102,2025-07-03,Corrective,9293.01
266,42,2025-05-03,Corrective,6621.44
267,48,2025-10-15,Preventive,3596.24
268,20,2025-03-11,Corrective,1581.85
269,9,2025-08-17,Corrective,1267.69
270,5,2025-07-20,Preventive,7468.17
271,146,2025-08-21,Preventive,9612.09
272,25,2025-04-15,Corrective,2222.89
273,75,2025-06-09,Corrective,3740.13
274,143,2025-04-11,Corrective,2051.51
275,20,2025-02-28,Corrective,5189.94
276,4,2025-08-15,Preventive,9975.61
277,100,2025-11-28,Corrective,5093.31
278,142,2025-06-23,Corrective,4087.08
279,75,2025-11-20,Preventive,3857.68
280,53,2025-09-08,Preventive,4469.87
281,38,2025-12-13,Corrective,2428.08
282,25,2025-08-29,Preventive,5205.7
283,141,2025-10-03,Preventive,7400.59
284,28,2025-02-13,Preventive,8321.26
285,9,2025-03-16,Corrective,9986.1
286,36,2025-01-21,Corrective,6858.32
287,116,2025-02-09,Preventive,7325.78
288,69,2025-06-13,Corrective,3807.83
289,77,2025-05-31,Corrective,5520.03
290,29,2025-11-27,Corrective,9660.97
291,91,2025-01-02,Preventive,8220.3
292,72,2025-10-22,Preventive,4513.54
293,40,2025-10-06,Corrective,2489.69
294,33,2025-11-18,Preventive,8343.35
295,142,2025-05-30,Preventive,4979.69
296,123,2025-12-30,Corrective,1778.96
297,79,2025-07-29,Preventive,5662.15
298,142,2025-05-29,Corrective,789.32
299,31,2025-04-19,Preventive,4461.51
300,142,2025-10-18,Preventive,7955.53
301,58,2025-03-02,Preventive,1661.43
302,86,2025-05-14,Corrective,6362.68
303,102,2025-10-07,Preventive,8953.76
304,106,2025-01-02,Preventive,1077.62
305,92,2025-07-10,Corrective,9560.97
306,14,2025-05-30,Preventive,6797.98
307,126,2025-09-19,Corrective,2659.1
308,80,2025-04-23,Corrective,5488.75
309,67,2025-01-04,Preventive,3125.02
310,25,2025-04-15,Corrective,2766.31
311,106,2025-03-27,Preventive,3505.19
312,111,2025-08-25,Preventive,1949.61
313,117,2025-01-08,Corrective,7406.33
314,121,2025-08-02,Corrective,2941.5
315,82,2025-11-17,Corrective,6747.86
316,46,2025-01-27,Preventive,9605.47
317,59,2025-09-26,Corrective,7173.06
318,149,2025-09-30,Corrective,4443.52
319,58,2025-05-09,Corrective,7109.04
320,116,2025-12-06,Corrective,6154.48
321,34,2025-04-21,Preventive,4069.25
322,54,2025-05-02,Preventive,8176.46
323,74,2025-12-26,Corrective,5961.02
324,127,2025-08-14,Preventive,8253.33
325,66,2025-10-24,Preventive,1307.18
326,35,2025-03-16,Corrective,851.18
327,91,2025-05-07,Corrective,1179.75
328,131,2025-02-15,Preventive,9525.88
329,124,2025-06-05,Corrective,4428.62
330,114,2025-01-05,Corrective,1379.3
331,14,2025-02-19,Corrective,7729.76
332,104,2025-09-09,Preventive,4878.46
333,110,2025-08-04,Preventive,8710.06
334,73,2025-01-18,Preventive,7807.81
335,26,2025-11-04,Preventive,9842.73
336,120,2025-04-25,Corrective,9817.35
337,103,2025-10-13,Preventive,1873.77
338,118,2025-06-23,Corrective,8438.43
339,108,2025-05-25,Corrective,7250.47
340,37,2025-02-10,Corrective,868.18
341,128,2025-11-28,Corrective,6132.08
342,87,2025-10-08,Preventive,3882.48
343,140,2025-05-10,Preventive,3205.2
344,85,2025-12-24,Preventive,9688.56
345,69,2025-04-05,Preventive,3711.19
346,135,2025-08-24,Preventive,3294.46
347,104,2025-03-15,Corrective,5691.21
348,135,2025-06-10,Preventive,9679.89
349,107,2025-06-25,Corrective,4309.51
350,31,2025-07-25,Preventive,6715.53
351,21,2025-12-08,Preventive,4768.5
352,135,2025-07-26,Corrective,2626.5
353,118,2025-06-27,Corrective,8673.07
354,109,2025-10-04,Preventive,8642.84
355,120,2025-06-20,Preventive,2424.01
356,101,2025-01-12,Preventive,9547.67
357,106,2025-02-11,Corrective,8452.35
358,140,2025-12-30,Corrective,6159.68
359,111,2025-05-25,Corrective,3590.19
360,100,2025-09-19,Preventive,1986.94
361,132,2025-09-28,Preventive,8736.53
362,27,2025-10-23,Corrective,6605.62
363,54,2025-09-23,Preventive,6517.2
364,55,2025-07-04,Corrective,2732.74
365,97,2025-07-13,Preventive,9709.76
366,55,2025-04-29,Preventive,1023.77
367,66,2025-03-22,Corrective,3661.21
368,138,2025-08-16,Preventive,4807.02
369,95,2025-04-05,Preventive,4843.78
370,81,2025-05-30,Corrective,7239.9
371,49,2025-01-15,Corrective,7605.6
372,25,2025-04-23,Preventive,5961.43
373,95,2025-04-15,Preventive,3111.2
374,27,2025-07-24,Preventive,1776.5
375,14,2025-03-04,Preventive,4644.92
376,71,2025-08-09,Corrective,4097.49
377,84,2025-11-15,Preventive,2626.22
378,9,2025-11-05,Preventive,2360.77
379,114,2025-08-12,Corrective,8821.03
380,111,2025-04-24,Corrective,2084.12
381,85,2025-05-03,Preventive,8926.17
382,5,2025-08-21,Preventive,2674.57
383,51,2025-01-19,Preventive,7940.11
384,133,2025-11-27,Preventive,9668.05
385,54,2025-02-10,Preventive,9206.15
386,80,2025-05-27,Corrective,3227.05
387,101,2025-12-02,Preventive,703.03
388,34,2025-12-13,Preventive,5403.82
389,99,2025-08-27,Preventive,3001.49
390,61,2025-07-13,Corrective,8346.1
391,131,2025-08-07,Preventive,3902.26
392,7,2025-12-28,Preventive,7681.05
393,139,2025-09-26,Corrective,6820.13
394,140,2025-01-26,Corrective,2291.67
395,140,2025-09-06,Corrective,1337.4
396,34,2025-01-01,Preventive,2683.75
397,11,2025-10-18,Preventive,4305.44
398,95,2025-12-15,Corrective,6170.8
399,66,2025-12-07,Preventive,8191.18
400,118,2025-10-14,Preventive,8522.69
401,63,2025-09-03,Corrective,3640.62
402,90,2025-10-09,Preventive,6893.44
403,58,2025-03-04,Corrective,6096.49
404,141,2025-10-28,Preventive,5971.8
405,121,2025-05-10,Corrective,9931.09
406,126,2025-02-18,Preventive,574.73
407,99,2025-08-13,Corrective,3848.85
408,60,2025-11-01,Preventive,771.26
409,112,2025-09-02,Preventive,3559.16
410,130,2025-05-18,Corrective,8959.97
411,116,2025-04-10,Preventive,8166.0
412,73,2025-03-22,Corrective,1552.16
413,103,2025-12-24,Corrective,5969.75
414,149,2025-03-12,Preventive,8236.33
415,69,2025-03-16,Preventive,4446.43
416,144,2025-07-17,Corrective,1469.17
417,114,2025-04-28,Corrective,8123.17
418,22,2025-08-04,Corrective,5346.77
419,17,2025-03-22,Preventive,9065.89
420,75,2025-05-12,Preventive,7535.61
421,42,2025-08-14,Preventive,2686.92
422,11,2025-01-17,Corrective,8994.12
423,12,2025-04-21,Corrective,2178.18
424,88,2025-10-07,Preventive,5535.52
425,92,2025-04-29,Preventive,7852.88
426,80,2025-04-24,Preventive,2145.06
427,110,2025-09-20,Corrective,2671.58
428,129,2025-07-05,Corrective,2190.9
429,66,2025-09-19,Corrective,8953.39
430,112,2025-01-26,Preventive,6483.23
431,58,2025-07-27,Preventive,9442.55
432,141,2025-10-19,Preventive,2901.97
433,32,2025-04-25,Corrective,1055.06
434,9,2025-02-28,Corrective,4180.41
435,25,2025-04-11,Preventive,6212.69
436,81,2025-04-24,Corrective,3246.6
437,95,2025-12-04,Corrective,3822.23
438,111,2025-02-25,Corrective,4253.25
439,36,2025-10-08,Corrective,2712.63
440,35,2025-12-22,Preventive,8451.22
441,49,2025-09-20,Preventive,1030.89
442,27,2025-01-16,Preventive,3664.38
443,47,2025-01-22,Corrective,5184.66
444,45,2025-11-17,Corrective,6677.31
445,22,2025-01-20,Preventive,896.27
446,9,2025-02-09,Corrective,7730.91
447,17,2025-12-12,Corrective,2623.61
448,105,2025-01-26,Corrective,5435.53
449,9,2025-07-05,Corrective,9199.7
450,40,2025-04-01,Preventive,5443.07
451,85,2025-07-21,Preventive,9741.39
452,2,2025-01-01,Preventive,8618.78
453,86,2025-07-23,Preventive,5725.09
454,103,2025-08-20,Corrective,6240.8
455,111,2025-11-05,Preventive,8993.09
456,91,2025-09-21,Preventive,891.84
457,76,2025-06-20,Preventive,4545.92
458,31,2025-12-21,Corrective,7056.38
459,117,2025-08-01,Preventive,1715.59
460,132,2025-01-05,Corrective,8954.56
461,38,2025-07-16,Preventive,5634.85
462,27,2025-08-03,Preventive,6028.13
463,42,2025-02-05,Preventive,5969.38
464,141,2025-04-15,Corrective,5281.14
465,135,2025-01-06,Corrective,7685.01
466,2,2025-11-29,Preventive,7960.79
467,76,2025-11-26,Corrective,9216.04
468,73,2025-02-12,Preventive,1487.24
469,134,2025-01-12,Preventive,4687.43
470,118,2025-07-10,Preventive,2117.49
471,124,2025-10-07,Preventive,3857.17
472,110,2025-05-31,Corrective,1338.66
473,42,2025-01-30,Preventive,8409.37
474,124,2025-03-11,Preventive,1101.76
475,79,2025-04-13,Preventive,3859.67
476,110,2025-04-04,Preventive,8673.91
477,103,2025-03-28,Preventive,8666.86
478,110,2025-09-29,Preventive,9721.86
479,106,2025-08-22,Preventive,1904.6
480,77,2025-03-22,Preventive,1593.65
481,66,2025-01-27,Corrective,4358.43
482,115,2025-12-29,Preventive,2344.22
483,22,2025-12-29,Corrective,8367.66
484,105,2025-05-10,Preventive,6808.46
485,8,2025-06-05,Corrective,4494.7
486,38,2025-09-21,Corrective,2896.47
487,112,2025-06-23,Preventive,7755.95
488,85,2025-09-02,Preventive,2959.8
489,77,2025-09-17,Corrective,9330.68
490,22,2025-10-25,Corrective,9697.17
491,109,2025-03-21,Preventive,2808.63
492,77,2025-09-16,Corrective,7348.96
493,13,2025-06-15,Preventive,6168.19
494,32,2025-10-14,Corrective,2427.96
495,27,2025-06-17,Preventive,4579.58
496,128,2025-12-02,Corrective,9493.07
497,43,2025-02-27,Preventive,3816.93
498,135,2025-08-03,Corrective,9611.51
499,32,2025-03-30,Corrective,5605.83
500,39,2025-12-09,Preventive,674.04
501,118,2025-10-11,Preventive,7343.2
502,132,2025-09-25,Preventive,8901.08
503,123,2025-10-09,Preventive,4171.54
504,98,2025-11-28,Corrective,4390.5
505,142,2025-06-01,Preventive,2861.28
506,58,2025-04-03,Preventive,6796.09
507,50,2025-12-18,Preventive,6976.05
508,99,2025-07-31,Preventive,5371.58
509,100,2025-04-19,Preventive,4047.1
510,36,2025-05-15,Corrective,854.54
511,142,2025-10-02,Preventive,3090.58
512,86,2025-08-03,Corrective,3121.08
513,94,2025-04-26,Corrective,7128.41
514,126,2025-02-15,Corrective,2662.56
515,103,2025-09-23,Preventive,1248.55
516,33,2025-10-26,Corrective,8187.37
517,150,2025-07-16,Corrective,1345.92
518,148,2025-10-14,Corrective,1473.86
519,101,2025-04-04,Corrective,6767.02
520,115,2025-01-31,Corrective,4619.31
521,97,2025-08-10,Preventive,8906.9
522,113,2025-10-18,Preventive,8894.44
523,85,2025-04-23,Corrective,539.49
524,37,2025-09-23,Corrective,8718.57
525,35,2025-10-28,Preventive,2111.63
526,135,2025-10-12,Corrective,7425.96
527,60,2025-02-12,Preventive,6623.86
528,55,2025-04-30,Corrective,644.71
529,137,2025-04-09,Corrective,2266.47
530,70,2025-08-10,Preventive,2570.11
531,85,2025-03-19,Preventive,2007.6
532,37,2025-12-06,Preventive,2112.12
533,120,2025-01-09,Preventive,6440.44
534,86,2025-07-29,Preventive,5103.03
535,118,2025-10-24,Corrective,3685.23
536,90,2025-04-13,Preventive,4633.59
537,14,2025-07-07,Corrective,2889.22
538,56,2025-04-11,Corrective,8229.17
539,87,2025-09-06,Preventive,3852.88
540,118,2025-05-13,Corrective,1777.16
541,107,2025-10-11,Preventive,2771.79
542,11,2025-03-22,Corrective,2669.87
543,149,2025-04-25,Corrective,3992.62
544,7,2025-07-13,Corrective,1391.18
545,26,2025-07-16,Preventive,9880.01
546,48,2025-09-25,Preventive,5752.94
547,19,2025-07-05,Preventive,1849.62
548,57,2025-04-16,Preventive,2662.94
549,146,2025-01-15,Preventive,6478.0
550,25,2025-09-10,Corrective,6618.84
551,97,2025-10-21,Preventive,5577.0
552,146,2025-02-19,Preventive,8262.77
553,32,2025-08-15,Corrective,5843.11
554,56,2025-01-30,Preventive,5246.65
555,88,2025-04-28,Preventive,3377.53
556,8,2025-05-01,Preventive,9775.9
557,145,2025-08-31,Preventive,5310.11
558,80,2025-10-09,Corrective,5086.44
559,32,2025-01-03,Preventive,9730.86
560,76,2025-03-04,Preventive,8098.0
561,7,2025-09-18,Corrective,672.78
562,58,2025-02-13,Preventive,7318.18
563,112,2025-11-22,Preventive,2953.6
564,7,2025-06-02,Corrective,6473.18
565,86,2025-05-24,Preventive,507.52
566,19,2025-07-18,Corrective,9486.54
567,142,2025-07-31,Preventive,1949.02
568,33,2025-06-24,Preventive,1645.87
569,78,2025-09-23,Preventive,1190.32
570,74,2025-05-10,Preventive,2726.76
571,88,2025-06-29,Corrective,6710.02
572,68,2025-04-28,Preventive,5772.44
573,96,2025-08-24,Preventive,8856.76
574,122,2025-03-08,Preventive,8787.2
575,90,2025-07-10,Preventive,2333.48
576,47,2025-06-07,Preventive,6695.91
577,129,2025-10-15,Corrective,1783.23
578,22,2025-05-26,Preventive,5467.49
579,143,2025-06-28,Corrective,5846.15
580,102,2025-11-01,Preventive,7990.52
581,101,2025-09-02,Preventive,6368.5
582,94,2025-08-01,Preventive,1738.22
583,59,2025-04-25,Preventive,5272.16
584,8,2025-05-02,Corrective,2978.55
585,26,2025-01-23,Corrective,7097.79
586,18,2025-04-16,Preventive,9496.25
587,96,2025-05-05,Corrective,5974.44
588,7,2025-10-25,Corrective,7769.9
589,19,2025-03-30,Preventive,7635.23
590,107,2025-07-10,Preventive,888.7
591,61,2025-02-27,Preventive,3964.13
592,132,2025-09-20,Corrective,1908.15
593,87,2025-10-29,Corrective,8191.25
594,2,2025-07-18,Preventive,3520.85
595,105,2025-08-11,Preventive,4980.36
596,1,2025-12-04,Preventive,7535.86
597,111,2025-06-28,Corrective,1225.54
598,85,2025-07-07,Corrective,7049.7
599,110,2025-01-04,Corrective,4608.89
600,89,2025-07-19,Corrective,7832.19
601,140,2025-01-27,Corrective,1601.77
602,148,2025-12-18,Preventive,3671.46
603,85,2025-01-26,Corrective,9796.73
604,83,2025-03-28,Corrective,8664.56
605,56,2025-12-26,Preventive,4909.04
606,15,2025-09-08,Corrective,1074.21
607,12,2025-12-11,Corrective,7719.1
608,137,2025-03-09,Corrective,9703.13
609,150,2025-06-14,Corrective,6792.91
610,110,2025-04-28,Preventive,7269.02
611,148,2025-04-25,Preventive,7562.22
612,8,2025-11-10,Preventive,7506.86
613,117,2025-07-05,Preventive,8946.8
614,9,2025-07-03,Corrective,4198.27
615,2,2025-12-08,Corrective,8125.1
616,23,2025-08-11,Preventive,2252.17
617,145,2025-06-11,Preventive,9053.41
618,39,2025-05-05,Corrective,7229.93
619,127,2025-08-22,Preventive,3309.67
620,18,2025-01-20,Corrective,8681.28
621,126,2025-06-24,Corrective,1919.57
622,149,2025-05-23,Corrective,5702.91
623,90,2025-09-11,Corrective,2759.18
624,66,2025-07-16,Preventive,9414.67
625,132,2025-11-10,Preventive,7739.03
626,5,2025-01-20,Preventive,5978.01
627,127,2025-03-20,Corrective,9580.32
628,30,2025-06-04,Preventive,653.28
629,112,2025-12-25,Corrective,7118.27
630,40,2025-03-30,Preventive,4201.68
631,52,2025-10-24,Preventive,7921.25
632,9,2025-12-19,Preventive,8615.46
633,34,2025-12-26,Preventive,1268.41
634,129,2025-10-10,Corrective,663.84
635,9,2025-10-30,Preventive,1865.75
636,94,2025-10-12,Corrective,7076.88
637,30,2025-05-31,Corrective,8882.23
638,21,2025-01-13,Corrective,9498.0
639,115,2025-03-16,Corrective,6367.57
640,41,2025-04-18,Corrective,681.12
641,120,2025-12-31,Preventive,7742.67
642,60,2025-02-11,Preventive,9952.8
643,17,2025-05-21,Preventive,4127.53
644,23,2025-03-08,Preventive,1124.07
645,19,2025-10-05,Preventive,1332.72
646,94,2025-06-27,Preventive,881.2
647,5,2025-05-07,Preventive,4405.33
648,35,2025-03-05,Corrective,5535.68
649,97,2025-09-04,Corrective,8391.2
650,78,2025-10-18,Preventive,7809.72
651,94,2025-11-25,Preventive,4227.49
652,13,2025-07-21,Preventive,9435.34
653,21,2025-10-09,Corrective,2722.72
654,34,2025-12-04,Preventive,1663.6
655,122,2025-08-13,Corrective,9528.09
656,132,2025-10-11,Corrective,3931.83
657,46,2025-09-14,Corrective,2414.12
658,149,2025-06-27,Preventive,2233.76
659,120,2025-10-31,Corrective,1374.05
660,109,2025-03-22,Preventive,2433.46
661,72,2025-02-10,Preventive,7076.65
662,30,2025-12-07,Corrective,9937.47
663,95,2025-08-25,Preventive,5683.73
664,66,2025-12-09,Corrective,4224.97
665,129,2025-10-15,Corrective,578.99
666,41,2025-11-30,Preventive,2006.14
667,77,2025-11-04,Preventive,4070.4
668,54,2025-08-23,Preventive,1248.25
669,20,2025-10-12,Corrective,924.41
670,42,2025-07-17,Preventive,889.77
671,40,2025-11-17,Corrective,9566.22
672,88,2025-04-13,Preventive,7946.03
673,124,2025-01-06,Preventive,3830.73
674,78,2025-04-12,Corrective,7858.0
675,69,2025-05-17,Preventive,3472.53
676,94,2025-05-12,Corrective,1499.14
677,48,2025-02-24,Corrective,9809.1
678,30,2025-12-29,Preventive,3302.99
679,34,2025-04-28,Corrective,8129.84
680,67,2025-05-22,Preventive,8498.96
681,125,2025-07-19,Preventive,6476.58
682,144,2025-09-10,Preventive,2936.12
683,126,2025-03-19,Preventive,8016.82
684,18,2025-03-14,Corrective,1050.11
685,129,2025-03-14,Corrective,1833.92
686,103,2025-08-25,Preventive,4688.31
687,55,2025-07-31,Preventive,4697.85
688,142,2025-08-12,Preventive,942.24
689,102,2025-04-10,Corrective,5721.04
690,30,2025-02-11,Corrective,3057.03
691,7,2025-03-27,Preventive,6625.7
692,44,2025-09-04,Preventive,9476.31
693,132,2025-09-22,Corrective,9710.55
694,112,2025-01-26,Corrective,4204.32
695,118,2025-04-29,Preventive,2683.08
696,48,2025-10-22,Preventive,8396.1
697,39,2025-01-24,Corrective,5722.49
698,122,2025-12-07,Corrective,8063.98
699,46,2025-04-28,Corrective,8932.19
700,102,2025-11-23,Preventive,2648.87
701,26,2025-02-11,Corrective,4151.07
702,16,2025-11-12,Preventive,2860.02
703,35,2025-01-09,Preventive,5872.05
704,121,2025-05-27,Corrective,6569.86
705,46,2025-02-05,Corrective,7593.48
706,57,2025-04-17,Preventive,6257.46
707,89,2025-12-04,Corrective,6715.52
708,60,2025-08-25,Corrective,1396.84
709,100,2025-02-13,Corrective,6199.62
710,26,2025-01-13,Preventive,3507.63
711,30,2025-06-01,Corrective,2746.19
712,68,2025-05-20,Preventive,4962.63
713,55,2025-06-29,Corrective,8934.85
714,21,2025-03-05,Preventive,7981.13
715,145,2025-08-03,Preventive,6922.08
716,69,2025-04-07,Corrective,8962.17
717,6,2025-05-24,Corrective,8373.36
718,38,2025-04-14,Corrective,7071.1
719,22,2025-11-01,Corrective,8311.66
720,15,2025-05-16,Preventive,5415.3
721,27,2025-02-26,Corrective,3853.4
722,90,2025-09-22,Corrective,6403.77
723,125,2025-02-25,Corrective,7383.0
724,78,2025-08-22,Corrective,8662.79
725,102,2025-02-04,Corrective,9652.83
726,78,2025-10-26,Preventive,4946.19
727,27,2025-02-14,Corrective,1139.81
728,36,2025-12-04,Corrective,9948.0
729,137,2025-06-28,Preventive,8673.86
730,78,2025-08-10,Corrective,6603.41
731,147,2025-08-22,Corrective,4655.4
732,33,2025-11-17,Preventive,8144.13
733,13,2025-09-03,Preventive,5760.18
734,77,2025-10-13,Preventive,2368.24
735,127,2025-04-22,Corrective,2433.98
736,64,2025-10-27,Preventive,6824.64
737,78,2025-07-07,Corrective,7051.45
738,82,2025-02-27,Preventive,5740.7
739,114,2025-06-14,Corrective,6621.57
740,7,2025-10-13,Corrective,8385.96
741,101,2025-11-19,Preventive,8357.39
742,40,2025-08-02,Corrective,7986.3
743,82,2025-01-09,Preventive,6787.34
744,119,2025-01-29,Preventive,1932.15
745,74,2025-12-12,Corrective,955.8
746,35,2025-03-28,Corrective,5964.05
747,65,2025-01-23,Corrective,5572.92
748,126,2025-02-28,Preventive,8428.32
749,119,2025-12-11,Corrective,1685.04
750,75,2025-05-31,Preventive,2260.49
751,144,2025-01-15,Corrective,1941.16
752,30,2025-09-12,Preventive,9638.44
753,112,2025-11-07,Corrective,4195.05
754,107,2025-11-11,Preventive,3830.72
755,123,2025-09-03,Preventive,2517.15
756,103,2025-06-15,Preventive,8517.01
757,88,2025-09-02,Corrective,8680.39
758,59,2025-09-24,Preventive,2185.85
759,12,2025-07-10,Corrective,4088.87
760,18,2025-02-25,Corrective,6387.31
761,17,2025-09-07,Corrective,3935.58
762,76,2025-06-10,Preventive,4209.16
763,134,2025-10-09,Corrective,7825.45
764,150,2025-10-29,Corrective,7685.49
765,91,2025-09-12,Corrective,9231.55
766,92,2025-09-23,Corrective,4321.9
767,6,2025-09-03,Corrective,9833.37
768,129,2025-03-05,Corrective,3227.01
769,136,2025-03-03,Preventive,5629.07
770,32,2025-05-11,Preventive,9409.83
771,97,2025-10-24,Corrective,8511.42
772,20,2025-10-03,Corrective,6539.68
773,41,2025-02-02,Corrective,3724.82
774,53,2025-09-12,Corrective,5413.2
775,55,2025-03-20,Preventive,6225.98
776,101,2025-05-06,Preventive,8019.34
777,100,2025-10-13,Preventive,5987.37
778,6,2025-04-05,Preventive,9388.75
779,122,2025-08-17,Corrective,4128.41
780,63,2025-04-29,Preventive,5505.25
781,34,2025-06-25,Corrective,618.29
782,13,2025-01-23,Preventive,2614.35
783,113,2025-10-09,Preventive,4810.95
784,31,2025-04-30,Preventive,7020.96
785,63,2025-09-28,Preventive,2115.36
786,71,2025-02-20,Corrective,1469.08
787,142,2025-08-04,Preventive,3867.56
788,51,2025-10-31,Corrective,7142.72
789,13,2025-02-04,Corrective,6829.64
790,38,2025-09-14,Preventive,4253.39
791,122,2025-12-31,Preventive,5756.22
792,108,2025-02-08,Corrective,6263.86
793,138,2025-06-25,Corrective,8437.15
794,135,2025-08-28,Preventive,5680.22
795,25,2025-06-26,Corrective,3558.94
796,130,2025-10-03,Preventive,3654.97
797,4,2025-01-11,Corrective,4327.46
798,77,2025-02-03,Corrective,8877.04
799,83,2025-03-31,Corrective,6113.68
800,55,2025-03-06,Corrective,3284.19
801,149,2025-06-01,Corrective,9101.6
802,102,2025-03-05,Corrective,5302.62
803,57,2025-09-21,Corrective,4414.17
804,114,2025-03-23,Preventive,6281.93
805,43,2025-04-18,Preventive,8056.23
806,35,2025-03-05,Corrective,4456.27
807,15,2025-12-07,Preventive,9524.68
808,104,2025-07-28,Corrective,9480.9
809,124,2025-12-15,Corrective,3634.7
810,77,2025-10-04,Corrective,3264.73
811,144,2025-11-19,Preventive,2943.73
812,18,2025-08-16,Preventive,2734.61
813,138,2025-06-18,Preventive,8168.57
814,34,2025-10-25,Preventive,5180.03
815,60,2025-05-17,Corrective,1215.76
816,14,2025-08-14,Preventive,1882.14
817,12,2025-10-20,Preventive,3819.51
818,150,2025-06-09,Preventive,3489.27
819,131,2025-08-02,Corrective,2334.04
820,52,2025-06-26,Corrective,6991.13
821,77,2025-02-25,Preventive,8888.84
822,82,2025-10-15,Preventive,6829.45
823,27,2025-02-13,Preventive,7263.75
824,133,2025-03-16,Corrective,6020.07
825,62,2025-07-27,Preventive,7606.32
826,82,2025-12-21,Preventive,7952.45
827,127,2025-04-03,Corrective,8266.53
828,132,2025-12-25,Corrective,701.21
829,44,2025-01-16,Preventive,780.01
830,138,2025-11-17,Preventive,6497.4
831,10,2025-02-03,Corrective,6832.82
832,18,2025-04-26,Corrective,586.35
833,95,2025-05-19,Corrective,5394.87
834,24,2025-05-29,Corrective,6098.75
835,15,2025-07-27,Corrective,6142.92
836,36,2025-07-21,Corrective,1657.01
837,96,2025-12-06,Corrective,1311.48
838,131,2025-12-24,Preventive,3907.03
839,62,2025-12-22,Corrective,5224.02
840,109,2025-04-25,Corrective,9655.66
841,144,2025-01-18,Corrective,1455.43
842,12,2025-05-26,Preventive,8774.46
843,150,2025-09-15,Preventive,894.89
844,41,2025-07-09,Corrective,8967.32
845,133,2025-08-02,Corrective,7816.45
846,95,2025-03-22,Corrective,6446.8
847,107,2025-07-05,Preventive,5998.41
848,10,2025-09-20,Corrective,9309.24
849,12,2025-03-17,Corrective,7318.1
850,2,2025-05-31,Corrective,8420.0
851,143,2025-08-22,Corrective,5858.31
852,77,2025-01-22,Corrective,4769.99
853,141,2025-07-29,Corrective,7328.64
854,117,2025-10-01,Preventive,648.06
855,93,2025-03-20,Preventive,8261.55
856,31,2025-05-26,Preventive,5770.29
857,33,2025-03-14,Corrective,827.89
858,124,2025-12-20,Preventive,8887.83
859,105,2025-07-27,Preventive,5294.93
860,18,2025-06-15,Corrective,8704.29
861,20,2025-05-14,Preventive,5611.75
862,61,2025-10-17,Corrective,8315.08
863,103,2025-03-28,Corrective,7801.04
864,133,2025-03-04,Preventive,4107.56
865,87,2025-10-19,Preventive,6478.68
866,16,2025-07-27,Corrective,9042.31
867,45,2025-12-31,Corrective,9284.07
868,38,2025-10-23,Preventive,3505.93
869,117,2025-06-05,Corrective,6494.19
870,128,2025-03-12,Preventive,2096.62
871,23,2025-01-04,Preventive,7835.7
872,127,2025-03-28,Corrective,8712.95
873,110,2025-03-31,Corrective,5210.75
874,104,2025-01-23,Preventive,3721.76
875,119,2025-10-09,Corrective,8629.13
876,32,2025-09-05,Preventive,6857.83
877,65,2025-10-20,Corrective,907.5
878,144,2025-03-21,Corrective,9609.76
879,63,2025-04-18,Corrective,6416.88
880,84,2025-02-04,Preventive,2912.89
881,26,2025-02-26,Preventive,4329.66
882,12,2025-02-23,Preventive,2150.56
883,117,2025-02-20,Preventive,1960.37
884,149,2025-06-28,Corrective,3770.88
885,113,2025-04-23,Corrective,8856.02
886,104,2025-10-17,Preventive,7094.16
887,129,2025-10-26,Preventive,9932.07
888,126,2025-11-07,Corrective,5651.09
889,28,2025-01-22,Preventive,826.91
890,131,2025-02-01,Corrective,3743.88
891,121,2025-11-12,Corrective,3680.33
892,149,2025-02-09,Preventive,1529.19
893,28,2025-10-12,Corrective,7679.11
894,111,2025-02-13,Corrective,4439.9
895,9,2025-10-23,Preventive,9638.68
896,42,2025-01-24,Preventive,6626.65
897,33,2025-12-16,Corrective,2867.36
898,53,2025-07-22,Preventive,4674.96
899,80,2025-07-02,Preventive,4926.79
900,78,2025-02-24,Preventive,4233.08
901,111,2025-01-13,Corrective,4108.31
902,73,2025-06-23,Corrective,6786.93
903,89,2025-01-14,Corrective,1894.77
904,17,2025-10-29,Preventive,6497.6
905,144,2025-06-07,Corrective,8770.36
906,29,2025-04-02,Corrective,2124.42
907,124,2025-08-08,Corrective,6255.63
908,25,2025-01-09,Corrective,5687.86
909,112,2025-12-02,Preventive,6883.89
910,115,2025-10-02,Corrective,2061.03
911,97,2025-12-03,Corrective,6252.36
912,61,2025-03-24,Corrective,6718.0
913,6,2025-08-25,Corrective,2395.64
914,12,2025-07-30,Preventive,2684.44
915,74,2025-10-16,Corrective,3214.31
916,19,2025-04-12,Preventive,8814.83
917,17,2025-05-05,Corrective,4783.62
918,85,2025-04-27,Preventive,3563.64
919,102,2025-11-16,Preventive,898.68
920,89,2025-09-05,Preventive,3444.8
921,46,2025-01-14,Corrective,7726.02
922,77,2025-11-23,Corrective,9067.89
923,89,2025-01-01,Preventive,7748.49
924,30,2025-02-19,Corrective,8806.41
925,72,2025-03-18,Corrective,5492.08
926,90,2025-06-15,Preventive,5644.87
927,10,2025-02-08,Corrective,2723.55
928,67,2025-03-18,Corrective,3540.66
929,104,2025-02-24,Preventive,9622.02
930,32,2025-03-10,Preventive,6670.13
931,64,2025-06-21,Corrective,3339.37
932,16,2025-06-15,Preventive,7524.95
933,10,2025-09-05,Corrective,598.81
934,25,2025-08-24,Preventive,8710.4
935,12,2025-10-17,Corrective,5332.11
936,49,2025-06-23,Corrective,1486.36
937,87,2025-07-08,Preventive,2068.09
938,107,2025-01-06,Preventive,8189.72
939,134,2025-06-21,Preventive,3792.16
940,127,2025-07-28,Preventive,3457.24
941,84,2025-03-24,Preventive,7109.73
942,52,2025-11-13,Preventive,9019.23
943,65,2025-04-07,Preventive,4218.34
944,57,2025-10-02,Corrective,8281.26
945,31,2025-12-27,Corrective,616.43
946,88,2025-10-15,Corrective,746.0
947,130,2025-05-08,Preventive,3276.2
948,63,2025-09-01,Preventive,1612.07
949,117,2025-11-07,Corrective,2229.91
950,38,2025-02-15,Preventive,9445.93
951,122,2025-02-11,Corrective,9397.32
952,19,2025-07-13,Corrective,5020.69
953,107,2025-10-23,Preventive,9093.38
954,142,2025-03-31,Corrective,7251.28
955,91,2025-01-16,Preventive,8870.07
956,96,2025-03-18,Corrective,9711.32
957,142,2025-03-12,Preventive,6941.36
958,116,2025-11-14,Corrective,2854.25
959,70,2025-09-28,Corrective,8767.15
960,84,2025-08-24,Corrective,8903.44
961,41,2025-11-08,Corrective,5399.31
962,64,2025-10-30,Corrective,2463.63
963,75,2025-03-26,Corrective,9837.51
964,89,2025-03-21,Corrective,1853.67
965,78,2025-10-31,Preventive,8581.2
966,146,2025-08-24,Corrective,4054.95
967,39,2025-10-06,Preventive,1660.88
968,112,2025-03-24,Preventive,8987.99
969,132,2025-05-14,Preventive,9813.22
970,10,2025-10-31,Preventive,8017.44
971,49,2025-06-07,Preventive,6868.79
972,72,2025-08-07,Preventive,1297.77
973,40,2025-03-13,Corrective,4190.34
974,36,2025-03-03,Corrective,2017.97
975,53,2025-01-16,Corrective,5415.11
976,79,2025-08-14,Preventive,4858.51
977,128,2025-01-29,Corrective,1581.31
978,99,2025-09-03,Corrective,2419.58
979,122,2025-10-05,Corrective,9204.71
980,47,2025-09-29,Preventive,5987.67
981,37,2025-01-10,Preventive,5431.47
982,66,2025-07-12,Preventive,3641.87
983,102,2025-02-17,Preventive,7824.94
984,63,2025-11-04,Preventive,5092.3
985,51,2025-11-12,Preventive,1672.19
986,89,2025-07-05,Preventive,1448.19
987,147,2025-09-15,Preventive,769.37
988,51,2025-01-17,Preventive,5869.58
989,32,2025-01-15,Corrective,5276.04
990,52,2025-11-07,Corrective,3307.89
991,22,2025-07-06,Preventive,710.54
992,5,2025-12-27,Preventive,6572.5
993,53,2025-07-06,Preventive,5275.92
994,74,2025-05-20,Corrective,4609.97
995,76,2025-11-12,Corrective,8720.54
996,44,2025-01-10,Preventive,7650.46
997,117,2025-07-18,Preventive,7802.27
998,35,2025-04-28,Corrective,2893.06
999,14,2025-09-13,Preventive,5076.09
1000,96,2025-12-24,Corrective,6954.11
1001,24,2025-12-26,Corrective,2200.8
1002,9,2025-04-25,Preventive,4458.94
1003,24,2025-09-17,Preventive,5613.03
1004,89,2025-11-21,Corrective,1073.06
1005,23,2025-09-19,Preventive,3786.16
1006,80,2025-03-28,Corrective,7691.84
1007,45,2025-10-21,Preventive,2372.77
1008,14,2025-11-01,Corrective,9637.66
1009,13,2025-05-09,Preventive,2401.14
1010,14,2025-01-28,Corrective,1806.05
1011,125,2025-06-17,Preventive,8616.14
1012,144,2025-12-30,Corrective,1008.07
1013,103,2025-05-05,Preventive,8674.52
1014,49,2025-12-02,Corrective,4222.26
1015,76,2025-04-04,Corrective,8257.65
1016,1,2025-06-02,Preventive,8261.16
1017,78,2025-04-13,Preventive,5945.44
1018,82,2025-01-24,Preventive,1093.37
1019,100,2025-12-12,Preventive,5226.21
1020,90,2025-04-25,Corrective,1133.27
1021,60,2025-09-10,Corrective,1052.11
1022,61,2025-07-03,Preventive,7121.17
1023,31,2025-12-04,Corrective,4088.31
1024,102,2025-07-07,Corrective,1016.02
1025,133,2025-01-24,Preventive,4521.93
1026,64,2025-12-25,Corrective,8030.49
1027,19,2025-07-22,Preventive,9537.06
1028,82,2025-09-03,Preventive,3226.68
1029,52,2025-04-26,Preventive,8186.85
1030,24,2025-01-13,Corrective,6538.3
1031,45,2025-01-25,Preventive,567.31
1032,147,2025-10-03,Preventive,6018.82
1033,28,2025-01-03,Preventive,1217.12
1034,80,2025-04-29,Preventive,8645.91
1035,70,2025-11-27,Preventive,4856.65
1036,45,2025-08-18,Preventive,8133.57
1037,144,2025-07-23,Preventive,8305.1
1038,84,2025-04-19,Preventive,4360.43
1039,38,2025-05-26,Preventive,2932.0
1040,18,2025-01-29,Corrective,3503.31
1041,38,2025-05-15,Preventive,1733.15
1042,143,2025-08-23,Preventive,4453.56
1043,29,2025-01-09,Preventive,6295.86
1044,126,2025-07-12,Preventive,8987.7
1045,28,2025-04-02,Corrective,6653.09
1046,4,2025-02-04,Preventive,4757.14
1047,108,2025-05-04,Preventive,2611.41
1048,78,2025-03-20,Corrective,4742.21
1049,70,2025-08-22,Corrective,8766.16
1050,56,2025-11-13,Corrective,3177.94
1051,11,2025-02-01,Corrective,6302.28
1052,125,2025-04-19,Preventive,6249.99
1053,147,2025-08-30,Preventive,6341.22
1054,144,2025-07-18,Preventive,4508.04
1055,85,2025-12-01,Corrective,8883.75
1056,2,2025-05-10,Preventive,7685.81
1057,61,2025-08-22,Preventive,6073.82
1058,59,2025-11-26,Corrective,3137.4
1059,123,2025-01-25,Corrective,2386.72
1060,115,2025-04-03,Preventive,7476.38
1061,96,2025-07-09,Preventive,3423.34
1062,41,2025-01-07,Corrective,5021.78
1063,105,2025-03-06,Preventive,9476.18
1064,110,2025-01-02,Corrective,8931.35
1065,89,2025-02-07,Preventive,3993.16
1066,124,2025-08-02,Preventive,8820.02
1067,85,2025-06-14,Preventive,3442.84
1068,139,2025-04-04,Corrective,8404.81
1069,117,2025-12-17,Preventive,754.54
1070,150,2025-10-16,Corrective,5750.32
1071,89,2025-08-01,Corrective,5888.53
1072,113,2025-02-26,Preventive,1682.53
1073,42,2025-11-17,Corrective,6456.39
1074,137,2025-09-06,Corrective,7042.7
1075,39,2025-06-19,Corrective,4587.78
1076,21,2025-11-12,Corrective,4977.68
1077,91,2025-02-23,Corrective,7444.98
1078,139,2025-12-24,Preventive,1920.74
1079,6,2025-08-05,Preventive,7810.83
1080,53,2025-07-07,Preventive,1323.98
1081,72,2025-07-15,Preventive,2072.49
1082,150,2025-12-28,Preventive,7362.39
1083,110,2025-12-17,Preventive,9030.22
1084,36,2025-03-20,Corrective,5889.34
1085,88,2025-11-02,Corrective,3097.57
1086,81,2025-03-19,Corrective,3767.55
1087,127,2025-11-30,Corrective,8957.0
1088,38,2025-06-01,Corrective,4893.74
1089,80,2025-04-06,Corrective,8779.18
1090,21,2025-08-04,Corrective,8285.62
1091,46,2025-08-16,Preventive,3115.63
1092,27,2025-08-01,Corrective,1364.36
1093,40,2025-07-02,Preventive,6830.87
1094,73,2025-08-29,Corrective,5822.43
1095,148,2025-11-24,Preventive,8275.14
1096,35,2025-12-23,Corrective,6021.33
1097,92,2025-03-30,Corrective,5563.29
1098,113,2025-02-12,Preventive,9840.12
1099,65,2025-05-22,Corrective,9622.15
1100,99,2025-01-12,Corrective,542.92
1101,37,2025-02-25,Corrective,4404.42
1102,123,2025-03-11,Preventive,4883.7
1103,145,2025-01-01,Preventive,4946.47
1104,83,2025-08-13,Preventive,1734.9
1105,32,2025-03-07,Corrective,4103.91
1106,95,2025-06-15,Preventive,3094.63
1107,112,2025-01-31,Corrective,4292.81
1108,149,2025-07-07,Preventive,9055.39
1109,67,2025-09-24,Corrective,4940.48
1110,105,2025-05-07,Preventive,7900.17
1111,14,2025-06-04,Corrective,1737.03
1112,71,2025-01-19,Preventive,9952.56
1113,85,2025-10-17,Corrective,8423.52
1114,2,2025-05-12,Corrective,5885.81
1115,25,2025-09-09,Corrective,1487.0
1116,6,2025-08-30,Preventive,6765.32
1117,13,2025-06-12,Preventive,1504.92
1118,42,2025-03-06,Preventive,6710.73
1119,78,2025-02-08,Preventive,7403.73
1120,12,2025-09-12,Preventive,8591.58
1121,84,2025-04-02,Preventive,9970.97
1122,79,2025-10-20,Preventive,6924.47
1123,45,2025-08-17,Corrective,4173.41
1124,109,2025-12-23,Corrective,9635.58
1125,25,2025-01-31,Preventive,4561.54
1126,57,2025-08-02,Preventive,8296.6
1127,56,2025-07-26,Corrective,4014.55
1128,13,2025-08-12,Preventive,7998.49
1129,1,2025-09-08,Corrective,7195.82
1130,38,2025-11-06,Preventive,3915.38
1131,32,2025-06-30,Corrective,1035.05
1132,83,2025-10-28,Corrective,594.74
1133,11,2025-01-14,Preventive,5708.32
1134,7,2025-12-28,Preventive,9032.64
1135,40,2025-03-06,Preventive,1719.91
1136,6,2025-07-06,Corrective,3225.72
1137,4,2025-04-09,Corrective,9180.17
1138,150,2025-07-11,Corrective,7748.13
1139,142,2025-04-28,Corrective,6336.01
1140,148,2025-01-06,Corrective,6176.76
1141,5,2025-07-28,Corrective,4993.49
1142,111,2025-01-28,Corrective,6290.31
1143,101,2025-04-07,Preventive,983.01
1144,112,2025-12-23,Corrective,549.95
1145,11,2025-07-09,Preventive,4858.84
1146,79,2025-07-11,Preventive,1821.98
1147,85,2025-05-05,Preventive,5992.54
1148,24,2025-09-20,Corrective,7508.71
1149,102,2025-11-09,Preventive,8790.08
1150,35,2025-03-20,Preventive,5428.06
1151,59,2025-12-18,Preventive,5667.23
1152,143,2025-06-16,Corrective,5527.58
1153,89,2025-05-18,Corrective,589.33
1154,15,2025-06-27,Preventive,7253.64
1155,7,2025-01-08,Preventive,5202.33
1156,44,2025-04-13,Corrective,1370.44
1157,18,2025-05-20,Preventive,5635.56
1158,64,2025-08-19,Preventive,6853.82
1159,142,2025-06-24,Preventive,6358.32
1160,143,2025-03-18,Preventive,4016.21
1161,73,2025-04-19,Preventive,8648.66
1162,46,2025-02-01,Corrective,3455.89
1163,58,2025-07-23,Preventive,2275.45
1164,140,2025-08-22,Preventive,5831.79
1165,132,2025-06-16,Preventive,927.39
1166,105,2025-10-15,Corrective,1465.6
1167,25,2025-01-13,Corrective,3911.38
1168,122,2025-08-02,Preventive,531.89
1169,99,2025-08-04,Corrective,1802.31
1170,104,2025-03-08,Corrective,5825.09
1171,119,2025-02-01,Preventive,1171.82
1172,2,2025-08-03,Corrective,2852.17
1173,44,2025-07-15,Preventive,5703.69
1174,30,2025-10-07,Corrective,6686.09
1175,105,2025-09-03,Preventive,7445.95
1176,18,2025-06-09,Corrective,711.13
1177,149,2025-05-25,Corrective,1097.16
1178,3,2025-09-09,Corrective,4049.1
1179,117,2025-07-16,Corrective,4123.43
1180,112,2025-01-04,Corrective,7461.42
1181,142,2025-08-03,Corrective,3414.6
1182,61,2025-11-06,Preventive,2337.79
1183,102,2025-11-10,Preventive,5899.53
1184,118,2025-09-14,Preventive,3880.15
1185,143,2025-05-17,Corrective,1188.56
1186,93,2025-12-26,Preventive,8378.27
1187,22,2025-08-04,Corrective,3118.87
1188,77,2025-01-19,Preventive,973.98
1189,142,2025-11-15,Preventive,6760.31
1190,100,2025-01-01,Preventive,2607.26
1191,114,2025-05-30,Preventive,1598.08
1192,110,2025-07-23,Corrective,1989.05
1193,84,2025-01-12,Preventive,9648.32
1194,102,2025-11-25,Corrective,3997.3
1195,7,2025-05-19,Corrective,6396.59
1196,30,2025-06-26,Corrective,5854.56
1197,50,2025-03-22,Preventive,4383.44
1198,141,2025-03-21,Corrective,5124.46
1199,94,2025-03-28,Preventive,2538.27
1200,116,2025-08-14,Preventive,2411.37
1201,83,2025-12-02,Preventive,1872.12
1202,79,2025-08-20,Corrective,5957.15
1203,22,2025-09-21,Corrective,3016.78
1204,117,2025-05-13,Preventive,3079.32
1205,57,2025-08-26,Preventive,8399.57
1206,63,2025-07-21,Preventive,6242.1
1207,75,2025-02-27,Preventive,3445.65
1208,21,2025-01-01,Corrective,9978.75
1209,16,2025-02-19,Preventive,8374.07
1210,115,2025-02-27,Corrective,2748.28
1211,17,2025-02-16,Corrective,8434.77
1212,137,2025-04-21,Corrective,9939.95
1213,128,2025-10-27,Preventive,8772.89
1214,38,2025-02-14,Corrective,2153.14
1215,120,2025-04-20,Corrective,4545.58
1216,4,2025-05-17,Corrective,6005.58
1217,45,2025-06-19,Corrective,6352.37
1218,38,2025-02-24,Corrective,5319.9
1219,122,2025-09-16,Preventive,2793.49
1220,84,2025-10-23,Corrective,8106.81
1221,126,2025-11-26,Corrective,2749.61
1222,101,2025-08-06,Corrective,2361.51
1223,84,2025-07-28,Preventive,5456.55
1224,61,2025-09-02,Preventive,9790.28
1225,149,2025-06-12,Corrective,9552.87
1226,90,2025-04-11,Corrective,1030.42
1227,31,2025-12-31,Corrective,6508.75
1228,36,2025-12-03,Corrective,6681.75
1229,82,2025-08-02,Corrective,9980.49
1230,72,2025-07-04,Corrective,5380.55
1231,19,2025-05-09,Corrective,3966.01
1232,110,2025-03-20,Preventive,9156.9
1233,138,2025-07-07,Corrective,1201.09
1234,4,2025-08-21,Corrective,1942.05
1235,47,2025-03-24,Preventive,8345.83
1236,108,2025-10-20,Corrective,3474.05
1237,75,2025-09-16,Corrective,6506.98
1238,13,2025-11-24,Preventive,4259.5
1239,73,2025-02-20,Corrective,2852.97
1240,13,2025-12-29,Corrective,7072.83
1241,109,2025-01-03,Corrective,8517.6
1242,56,2025-11-02,Corrective,8437.06
1243,15,2025-02-03,Preventive,5390.08
1244,1,2025-02-16,Corrective,1252.03
1245,18,2025-09-18,Preventive,8814.29
1246,19,2025-12-06,Preventive,8460.78
1247,98,2025-06-13,Preventive,1507.82
1248,80,2025-09-26,Corrective,7387.51
1249,117,2025-07-15,Corrective,8042.54
1250,88,2025-07-12,Preventive,8560.4
1251,90,2025-09-25,Preventive,9241.47
1252,12,2025-08-30,Preventive,9567.25
1253,123,2025-09-02,Corrective,6457.07
1254,146,2025-02-07,Preventive,6327.49
1255,52,2025-11-23,Corrective,3204.26
1256,89,2025-03-17,Corrective,6155.05
1257,18,2025-08-03,Preventive,6622.41
1258,70,2025-10-18,Preventive,8249.69
1259,64,2025-08-03,Preventive,6818.3
1260,71,2025-04-06,Corrective,8106.09
1261,63,2025-05-27,Preventive,2721.99
1262,42,2025-08-19,Preventive,6666.03
1263,102,2025-08-22,Preventive,3038.53
1264,66,2025-04-06,Corrective,3480.23
1265,57,2025-11-18,Preventive,4176.23
1266,98,2025-10-21,Corrective,3512.19
1267,97,2025-10-01,Corrective,2164.57
1268,149,2025-02-22,Preventive,9335.0
1269,44,2025-02-24,Preventive,4853.52
1270,61,2025-11-27,Preventive,8860.56
1271,11,2025-02-17,Corrective,4450.91
1272,127,2025-12-30,Corrective,4039.47
1273,14,2025-03-15,Corrective,9666.92
1274,86,2025-01-22,Corrective,9835.25
1275,108,2025-12-23,Preventive,2025.4
1276,103,2025-08-01,Preventive,929.54
1277,68,2025-11-29,Preventive,7300.35
1278,109,2025-02-24,Preventive,3045.57
1279,71,2025-01-07,Corrective,7542.98
1280,3,2025-10-08,Preventive,5306.34
1281,38,2025-09-04,Corrective,4603.84
1282,118,2025-04-19,Preventive,4239.3
1283,119,2025-06-22,Preventive,7432.96
1284,45,2025-12-08,Corrective,8213.65
1285,10,2025-05-01,Corrective,6056.55
1286,44,2025-05-21,Corrective,4420.77
1287,79,2025-07-06,Preventive,4256.12
1288,131,2025-11-27,Preventive,3219.03
1289,7,2025-10-04,Corrective,4527.4
1290,58,2025-03-17,Preventive,6932.95
1291,29,2025-03-11,Preventive,4282.11
1292,69,2025-01-16,Corrective,3471.74
1293,101,2025-03-08,Preventive,7921.54
1294,58,2025-09-22,Corrective,8296.11
1295,55,2025-05-10,Preventive,4707.98
1296,6,2025-07-09,Corrective,8922.21
1297,1,2025-10-23,Preventive,3330.0
1298,98,2025-07-05,Corrective,1161.45
1299,56,2025-05-10,Corrective,6117.84
1300,85,2025-12-29,Preventive,6004.02
1301,134,2025-09-13,Preventive,1704.36
1302,110,2025-10-14,Corrective,5122.36
1303,41,2025-08-29,Preventive,3116.76
1304,8,2025-10-23,Corrective,6511.29
1305,27,2025-07-29,Preventive,6540.44
1306,59,2025-08-21,Corrective,6406.25
1307,69,2025-01-11,Preventive,1732.26
1308,67,2025-10-12,Corrective,2694.61
1309,120,2025-06-11,Corrective,5417.11
1310,130,2025-05-10,Preventive,3546.1
1311,120,2025-10-08,Preventive,5477.92
1312,29,2025-03-04,Corrective,2484.42
1313,106,2025-12-26,Preventive,4392.38
1314,23,2025-09-06,Preventive,8051.56
1315,91,2025-06-30,Corrective,6360.5
1316,122,2025-08-09,Corrective,7913.41
1317,107,2025-11-17,Preventive,7926.4
1318,43,2025-12-03,Preventive,1464.76
1319,85,2025-06-30,Corrective,2846.0
1320,98,2025-04-10,Corrective,6351.35
1321,19,2025-06-04,Preventive,6451.48
1322,21,2025-07-08,Preventive,4869.94
1323,7,2025-03-01,Preventive,9820.17
1324,62,2025-03-13,Preventive,7326.04
1325,150,2025-11-07,Preventive,1372.84
1326,123,2025-10-12,Preventive,7600.87
1327,88,2025-01-21,Corrective,3496.04
1328,11,2025-07-06,Preventive,2034.3
1329,74,2025-11-30,Corrective,2327.85
1330,32,2025-10-07,Preventive,8646.49
1331,64,2025-05-10,Preventive,5870.05
1332,82,2025-12-10,Preventive,4495.8
1333,36,2025-08-13,Corrective,5580.63
1334,67,2025-01-16,Corrective,9633.67
1335,104,2025-11-11,Preventive,5460.79
1336,135,2025-02-13,Preventive,1622.96
1337,109,2025-01-16,Corrective,4276.87
1338,25,2025-12-15,Corrective,1712.14
1339,134,2025-02-19,Preventive,3379.02
1340,104,2025-05-30,Preventive,9142.35
1341,86,2025-03-05,Corrective,4269.29
1342,141,2025-06-16,Corrective,8919.59
1343,31,2025-08-01,Preventive,5366.84
1344,117,2025-09-22,Corrective,1814.01
1345,89,2025-04-02,Preventive,1127.29
1346,144,2025-09-05,Preventive,3941.41
1347,104,2025-08-04,Preventive,5604.11
1348,82,2025-05-21,Corrective,5322.35
1349,48,2025-10-20,Corrective,5976.39
1350,137,2025-07-28,Preventive,6719.14
1351,78,2025-04-01,Preventive,8525.87
1352,73,2025-03-28,Corrective,5821.12
1353,103,2025-03-09,Preventive,7735.82
1354,94,2025-12-20,Corrective,2359.36
1355,28,2025-01-04,Corrective,8773.42
1356,90,2025-08-04,Preventive,1323.42
1357,43,2025-09-16,Preventive,4084.39
1358,106,2025-06-12,Preventive,7293.52
1359,45,2025-07-11,Preventive,7699.91
1360,83,2025-11-07,Corrective,4532.1
1361,81,2025-02-27,Corrective,3505.41
1362,17,2025-09-02,Preventive,9544.9
1363,140,2025-01-17,Corrective,4543.2
1364,146,2025-08-26,Preventive,1468.24
1365,65,2025-07-16,Preventive,5477.79
1366,127,2025-06-22,Preventive,4068.2
1367,121,2025-11-29,Corrective,9999.28
1368,103,2025-10-08,Corrective,9406.6
1369,120,2025-07-22,Corrective,8802.96
1370,134,2025-02-17,Preventive,5670.83
1371,41,2025-09-06,Preventive,4512.23
1372,4,2025-07-22,Preventive,6551.46
1373,102,2025-11-20,Corrective,1285.37
1374,128,2025-09-07,Preventive,9956.43
1375,7,2025-02-03,Corrective,4388.95
1376,15,2025-01-08,Corrective,4522.42
1377,124,2025-07-29,Corrective,683.22
1378,31,2025-05-14,Corrective,1978.81
1379,121,2025-04-08,Corrective,9347.84
1380,34,2025-01-26,Corrective,6552.95
1381,124,2025-08-04,Preventive,3194.36
1382,58,2025-05-28,Corrective,7494.99
1383,130,2025-08-07,Preventive,8248.49
1384,109,2025-11-25,Corrective,9711.57
1385,133,2025-08-28,Corrective,9765.08
1386,97,2025-01-08,Corrective,6903.66
1387,119,2025-04-30,Corrective,2975.18
1388,125,2025-12-07,Corrective,9976.4
1389,57,2025-04-11,Preventive,4777.45
1390,9,2025-11-20,Corrective,6374.21
1391,140,2025-06-01,Preventive,7928.32
1392,46,2025-06-14,Preventive,3482.41
1393,37,2025-01-19,Corrective,3777.44
1394,147,2025-02-22,Corrective,3923.01
1395,41,2025-01-12,Corrective,6220.39
1396,2,2025-08-14,Corrective,878.88
1397,146,2025-05-31,Preventive,3528.17
1398,38,2025-05-15,Corrective,3021.46
1399,3,2025-11-12,Corrective,9268.4
1400,134,2025-12-25,Corrective,5491.99
1401,35,2025-01-20,Preventive,9906.67
1402,85,2025-06-27,Preventive,2486.98
1403,26,2025-03-15,Preventive,1607.55
1404,119,2025-10-30,Preventive,1526.74
1405,42,2025-06-24,Corrective,5315.62
1406,79,2025-06-07,Preventive,6618.01
1407,25,2025-04-08,Corrective,7044.61
1408,110,2025-12-12,Preventive,3776.87
1409,96,2025-06-19,Corrective,3570.98
1410,57,2025-12-29,Corrective,8878.08
1411,94,2025-10-11,Preventive,3544.78
1412,147,2025-06-21,Corrective,6586.9
1413,134,2025-03-26,Preventive,1780.37
1414,43,2025-02-18,Preventive,3386.89
1415,28,2025-06-12,Corrective,783.89
1416,44,2025-06-04,Corrective,5848.58
1417,113,2025-09-14,Corrective,1943.35
1418,119,2025-10-08,Corrective,4420.75
1419,117,2025-01-25,Corrective,7823.67
1420,119,2025-10-28,Preventive,9525.01
1421,82,2025-01-21,Preventive,7433.91
1422,4,2025-12-17,Preventive,3489.12
1423,115,2025-03-17,Corrective,1588.04
1424,85,2025-10-13,Preventive,7733.99
1425,77,2025-11-03,Preventive,5854.17
1426,41,2025-09-17,Preventive,3959.21
1427,52,2025-03-27,Corrective,737.18
1428,5,2025-05-07,Preventive,5523.16
1429,120,2025-07-25,Corrective,4120.91
1430,57,2025-08-04,Corrective,2130.07
1431,102,2025-12-22,Preventive,4447.86
1432,101,2025-04-10,Preventive,991.39
1433,37,2025-06-28,Preventive,1848.91
1434,45,2025-12-06,Corrective,2753.52
1435,99,2025-03-07,Preventive,2923.3
1436,42,2025-03-15,Corrective,931.21
1437,5,2025-01-17,Preventive,4975.78
1438,89,2025-08-11,Preventive,8286.33
1439,126,2025-09-04,Preventive,1203.02
1440,66,2025-07-09,Preventive,704.11
1441,103,2025-04-30,Corrective,3159.59
1442,36,2025-10-07,Preventive,8017.59
1443,99,2025-06-15,Corrective,3100.81
1444,149,2025-05-16,Preventive,5570.2
1445,47,2025-08-16,Preventive,1001.67
1446,51,2025-04-27,Corrective,2615.71
1447,34,2025-01-22,Corrective,4658.21
1448,13,2025-03-13,Preventive,5486.75
1449,148,2025-07-30,Preventive,5848.37
1450,58,2025-06-12,Preventive,5965.26
1451,117,2025-11-26,Corrective,4642.49
1452,139,2025-12-24,Preventive,9709.99
1453,69,2025-04-03,Preventive,9375.05
1454,101,2025-05-08,Corrective,9470.5
1455,108,2025-09-27,Corrective,5679.72
1456,40,2025-10-22,Corrective,4467.16
1457,131,2025-08-06,Preventive,9654.77
1458,110,2025-02-14,Corrective,7598.66
1459,19,2025-07-27,Preventive,7493.09
1460,24,2025-11-09,Preventive,9112.04
1461,130,2025-03-02,Corrective,8927.09
1462,26,2025-07-09,Corrective,734.64
1463,98,2025-03-28,Corrective,9052.86
1464,48,2025-08-26,Corrective,7266.79
1465,102,2025-03-07,Preventive,5782.16
1466,10,2025-03-26,Preventive,5304.57
1467,109,2025-10-25,Preventive,4638.58
1468,102,2025-12-12,Corrective,1999.2
1469,42,2025-12-10,Preventive,5259.54
1470,37,2025-04-04,Corrective,1163.26
1471,105,2025-08-17,Corrective,4055.14
1472,70,2025-07-30,Corrective,4267.43
1473,110,2025-03-27,Corrective,8858.09
1474,136,2025-05-31,Preventive,6875.38
1475,93,2025-12-22,Corrective,5389.5
1476,133,2025-03-30,Preventive,2725.48
1477,9,2025-11-14,Corrective,2424.09
1478,101,2025-02-09,Preventive,2270.24
1479,124,2025-11-01,Preventive,1486.35
1480,105,2025-03-09,Preventive,7653.81
1481,101,2025-09-29,Corrective,4836.47
1482,132,2025-11-03,Corrective,3715.21
1483,5,2025-01-09,Corrective,6653.34
1484,150,2025-11-21,Corrective,8831.86
1485,99,2025-09-20,Preventive,4711.51
1486,147,2025-07-14,Preventive,6190.28
1487,143,2025-08-15,Preventive,2264.18
1488,26,2025-01-26,Corrective,2367.03
1489,90,2025-01-29,Preventive,3284.79
1490,95,2025-07-02,Preventive,1823.76
1491,72,2025-05-31,Corrective,8571.48
1492,67,2025-12-28,Preventive,7066.36
1493,85,2025-09-24,Preventive,2943.73
1494,38,2025-07-28,Preventive,9190.34
1495,8,2025-06-21,Preventive,822.2
1496,60,2025-01-01,Preventive,5659.35
1497,140,2025-02-25,Corrective,9940.07
1498,150,2025-02-26,Preventive,1955.77
1499,37,2025-12-03,Preventive,3992.57
1500,129,2025-03-16,Preventive,558.56
1501,124,2025-05-22,Preventive,7974.64
1502,45,2025-07-08,Preventive,3451.4
1503,72,2025-12-23,Preventive,4483.57
1504,81,2025-05-19,Preventive,1701.58
1505,10,2025-06-25,Corrective,3390.8
1506,31,2025-07-21,Corrective,1619.92
1507,105,2025-05-08,Corrective,3677.61
1508,33,2025-11-09,Preventive,8820.04
1509,95,2025-05-27,Preventive,7604.42
1510,58,2025-10-13,Preventive,5544.56
1511,105,2025-11-11,Preventive,3688.94
1512,32,2025-07-08,Preventive,5828.41
1513,61,2025-08-11,Preventive,6065.99
1514,57,2025-04-25,Corrective,9934.49
1515,19,2025-02-09,Corrective,505.77
1516,67,2025-01-20,Corrective,4884.35
1517,116,2025-07-24,Corrective,9513.01
1518,45,2025-12-29,Preventive,7523.88
1519,93,2025-09-07,Preventive,3551.72
1520,38,2025-06-16,Preventive,4611.71
1521,46,2025-12-21,Corrective,4081.92
1522,101,2025-11-11,Corrective,7106.35
1523,86,2025-10-10,Corrective,6372.87
1524,139,2025-05-28,Preventive,1130.17
1525,46,2025-05-05,Preventive,2161.84
1526,116,2025-05-23,Corrective,5609.4
1527,34,2025-10-20,Corrective,7642.35
1528,35,2025-05-26,Preventive,5027.08
1529,130,2025-09-21,Corrective,3907.56
1530,136,2025-06-30,Preventive,3827.99
1531,49,2025-05-21,Preventive,6218.13
1532,33,2025-08-24,Corrective,6414.82
1533,22,2025-09-20,Corrective,7446.95
1534,110,2025-07-12,Corrective,5016.74
1535,39,2025-07-04,Preventive,4557.39
1536,64,2025-02-04,Corrective,6139.2
1537,35,2025-12-13,Corrective,4389.17
1538,50,2025-12-19,Corrective,6888.97
1539,66,2025-06-03,Preventive,6607.33
1540,22,2025-08-04,Corrective,7804.23
1541,133,2025-10-28,Corrective,1628.43
1542,140,2025-08-13,Preventive,6024.37
1543,138,2025-10-16,Corrective,4153.57
1544,120,2025-08-01,Preventive,9019.87
1545,135,2025-02-02,Corrective,7696.93
1546,81,2025-02-07,Corrective,8596.74
1547,131,2025-07-03,Corrective,9709.64
1548,18,2025-06-16,Preventive,4638.32
1549,24,2025-08-07,Corrective,2652.57
1550,89,2025-05-26,Preventive,8212.61
1551,29,2025-01-10,Preventive,4006.24
1552,26,2025-03-28,Corrective,8768.38
1553,51,2025-09-08,Corrective,4098.33
1554,52,2025-08-22,Corrective,7769.03
1555,87,2025-01-01,Preventive,3908.55
1556,15,2025-10-03,Corrective,6328.42
1557,2,2025-04-12,Preventive,1913.79
1558,17,2025-02-13,Preventive,2277.19
1559,119,2025-01-31,Preventive,4579.08
1560,109,2025-11-07,Corrective,2559.45
1561,2,2025-03-26,Corrective,4379.96
1562,68,2025-09-30,Preventive,3947.08
1563,101,2025-02-24,Corrective,8992.04
1564,43,2025-12-23,Preventive,3131.75
1565,126,2025-05-04,Preventive,8797.94
1566,6,2025-05-05,Corrective,8143.33
1567,131,2025-09-22,Preventive,8626.23
1568,50,2025-08-19,Preventive,2961.23
1569,119,2025-11-14,Corrective,8602.9
1570,112,2025-03-12,Corrective,8060.4
1571,26,2025-11-11,Preventive,9749.73
1572,150,2025-10-01,Preventive,1044.99
1573,69,2025-04-22,Corrective,8547.91
1574,119,2025-02-24,Preventive,8358.01
1575,58,2025-12-30,Preventive,9140.13
1576,146,2025-09-25,Corrective,5390.13
1577,12,2025-07-25,Corrective,2062.56
1578,144,2025-10-30,Preventive,6224.51
1579,47,2025-10-17,Corrective,9847.9
1580,112,2025-06-27,Preventive,5974.94
1581,8,2025-04-21,Preventive,7370.09
1582,57,2025-05-05,Corrective,4554.86
1583,74,2025-11-17,Corrective,6816.86
1584,101,2025-12-24,Preventive,2709.84
1585,105,2025-06-19,Corrective,3217.89
1586,24,2025-09-05,Preventive,8606.98
1587,87,2025-02-11,Corrective,1905.39
1588,80,2025-06-30,Corrective,8596.0
1589,109,2025-10-31,Preventive,2539.54
1590,127,2025-07-26,Preventive,1847.07
1591,123,2025-10-21,Preventive,7568.14
1592,29,2025-04-21,Preventive,1636.6
1593,13,2025-03-30,Preventive,4445.11
1594,145,2025-10-07,Preventive,5606.69
1595,115,2025-08-25,Corrective,7752.92
1596,23,2025-03-21,Preventive,6979.38
1597,5,2025-03-08,Corrective,8558.13
1598,87,2025-02-06,Corrective,1768.29
1599,44,2025-02-10,Corrective,832.11
1600,134,2025-05-20,Corrective,6595.98
1601,108,2025-12-08,Corrective,3137.55
1602,87,2025-03-23,Corrective,2517.94
1603,10,2025-04-04,Preventive,7648.57
1604,73,2025-09-05,Preventive,2162.73
1605,118,2025-07-05,Corrective,1981.58
1606,39,2025-01-01,Corrective,8799.91
1607,23,2025-09-26,Preventive,7308.87
1608,146,2025-06-10,Corrective,1400.78
1609,14,2025-09-20,Corrective,9735.72
1610,7,2025-09-14,Preventive,5461.35
1611,79,2025-07-21,Preventive,2121.48
1612,12,2025-08-17,Preventive,3375.13
1613,112,2025-10-21,Corrective,4157.18
1614,29,2025-11-10,Corrective,6439.01
1615,143,2025-07-05,Preventive,6559.35
1616,31,2025-01-31,Corrective,4632.6
1617,148,2025-12-19,Preventive,523.72
1618,150,2025-01-25,Preventive,6482.35
1619,109,2025-03-20,Corrective,2692.29
1620,72,2025-06-29,Preventive,7181.99
1621,140,2025-05-05,Corrective,8398.91
1622,150,2025-05-16,Preventive,6365.34
1623,23,2025-09-04,Corrective,1058.89
1624,102,2025-07-27,Corrective,2563.06
1625,74,2025-05-26,Preventive,7579.55
1626,129,2025-11-14,Corrective,8008.51
1627,94,2025-01-22,Corrective,4660.55
1628,116,2025-06-12,Preventive,8979.75
1629,25,2025-01-23,Preventive,2026.01
1630,107,2025-07-26,Corrective,2595.6
1631,19,2025-03-29,Preventive,7881.55
1632,148,2025-06-03,Preventive,6179.62
1633,48,2025-03-03,Corrective,7542.04
1634,39,2025-12-16,Preventive,9937.03
1635,106,2025-11-28,Preventive,8918.75
1636,71,2025-06-14,Preventive,3011.42
1637,78,2025-08-01,Corrective,6544.54
1638,147,2025-03-23,Corrective,1871.06
1639,17,2025-07-21,Preventive,510.33
1640,7,2025-06-28,Corrective,3853.31
1641,5,2025-06-11,Preventive,7354.64
1642,91,2025-08-14,Preventive,4790.4
1643,58,2025-12-09,Corrective,7557.63
1644,56,2025-02-01,Preventive,7013.84
1645,104,2025-10-28,Corrective,9022.53
1646,60,2025-09-12,Preventive,5706.89
1647,90,2025-09-10,Preventive,4260.03
1648,47,2025-06-17,Corrective,3336.67
1649,21,2025-01-19,Preventive,5603.03
1650,121,2025-12-21,Preventive,9080.5
1651,93,2025-10-13,Preventive,5376.19
1652,76,2025-05-23,Preventive,5151.98
1653,5,2025-10-03,Preventive,9767.12
1654,130,2025-02-12,Preventive,3465.13
1655,3,2025-06-26,Corrective,3145.94
1656,123,2025-08-08,Corrective,8087.72
1657,51,2025-05-01,Preventive,8270.08
1658,100,2025-12-29,Corrective,5737.93
1659,80,2025-06-28,Preventive,756.66
1660,9,2025-03-25,Corrective,1089.22
1661,5,2025-07-01,Preventive,6340.13
1662,101,2025-04-25,Corrective,1772.45
1663,111,2025-04-16,Corrective,6682.98
1664,56,2025-05-07,Corrective,4061.89
1665,120,2025-12-13,Preventive,5886.15
1666,124,2025-02-10,Corrective,6830.77
1667,148,2025-12-03,Corrective,2088.18
1668,124,2025-11-20,Preventive,7569.36
1669,26,2025-12-05,Preventive,5359.3
1670,47,2025-10-29,Preventive,1642.9
1671,10,2025-03-11,Preventive,3212.52
1672,69,2025-12-10,Preventive,5774.71
1673,143,2025-10-29,Preventive,3987.63
1674,100,2025-04-25,Preventive,1364.85
1675,94,2025-03-19,Preventive,1801.11
1676,97,2025-12-07,Preventive,9851.91
1677,101,2025-09-21,Corrective,2078.47
1678,52,2025-02-16,Corrective,1770.95
1679,117,2025-12-13,Preventive,8749.34
1680,66,2025-11-11,Preventive,6673.58
1681,46,2025-12-01,Corrective,1732.74
1682,78,2025-07-23,Corrective,9610.56
1683,99,2025-03-14,Corrective,4907.06
1684,31,2025-08-28,Corrective,7404.3
1685,93,2025-04-27,Corrective,3633.05
1686,110,2025-01-04,Corrective,8271.35
1687,25,2025-09-06,Corrective,968.01
1688,117,2025-08-24,Corrective,7496.27
1689,123,2025-09-10,Preventive,2099.64
1690,63,2025-03-09,Corrective,1752.77
1691,77,2025-08-21,Corrective,8652.85
1692,34,2025-07-15,Preventive,6338.81
1693,92,2025-12-14,Corrective,3803.4
1694,52,2025-05-28,Corrective,9774.62
1695,135,2025-09-23,Preventive,8860.27
1696,65,2025-01-07,Preventive,7783.83
1697,95,2025-11-25,Preventive,5935.2
1698,113,2025-11-12,Preventive,2652.9
1699,63,2025-08-14,Corrective,6948.26
1700,83,2025-10-22,Preventive,1149.25
1701,50,2025-05-12,Preventive,2748.08
1702,96,2025-06-26,Corrective,1692.49
1703,90,2025-04-03,Corrective,4664.19
1704,44,2025-09-08,Corrective,8039.53
1705,25,2025-04-13,Corrective,1050.11
1706,94,2025-12-17,Corrective,7740.15
1707,48,2025-06-28,Corrective,4514.33
1708,11,2025-07-14,Preventive,2819.93
1709,144,2025-08-18,Preventive,9121.97
1710,130,2025-11-01,Corrective,5977.41
1711,62,2025-06-12,Preventive,8692.88
1712,28,2025-04-27,Preventive,6423.21
1713,144,2025-01-28,Corrective,4839.88
1714,83,2025-12-10,Corrective,7906.81
1715,33,2025-10-15,Preventive,1489.6
1716,107,2025-03-18,Preventive,1871.57
1717,26,2025-03-28,Corrective,8858.91
1718,80,2025-01-24,Corrective,1780.4
1719,36,2025-11-30,Corrective,2695.49
1720,139,2025-03-19,Corrective,7463.36
1721,132,2025-11-12,Corrective,1335.17
1722,142,2025-10-24,Preventive,7208.62
1723,29,2025-10-28,Corrective,5168.03
1724,121,2025-11-30,Preventive,6761.59
1725,137,2025-11-23,Corrective,1272.72
1726,123,2025-05-19,Corrective,2399.56
1727,67,2025-05-01,Corrective,1223.82
1728,21,2025-03-02,Corrective,6387.83
1729,81,2025-02-04,Corrective,2526.24
1730,143,2025-01-20,Preventive,2178.8
1731,51,2025-01-05,Corrective,9237.09
1732,50,2025-03-20,Corrective,7437.33
1733,127,2025-08-17,Preventive,2850.77
1734,26,2025-09-15,Preventive,4304.16
1735,43,2025-05-27,Preventive,7301.03
1736,118,2025-10-19,Preventive,3839.21
1737,40,2025-05-04,Preventive,9558.38
1738,5,2025-03-20,Corrective,9852.35
1739,150,2025-06-20,Preventive,5415.81
1740,90,2025-03-02,Preventive,5016.39
1741,65,2025-10-29,Corrective,7700.12
1742,102,2025-02-27,Corrective,527.17
1743,79,2025-07-28,Corrective,6297.28
1744,37,2025-03-10,Corrective,4073.68
1745,82,2025-01-08,Corrective,7327.48
1746,84,2025-02-12,Corrective,9582.37
1747,45,2025-02-02,Corrective,2584.81
1748,82,2025-03-18,Corrective,7436.63
1749,26,2025-03-22,Corrective,7717.09
1750,95,2025-08-25,Preventive,5877.2
1751,35,2025-03-11,Corrective,3116.22
1752,127,2025-03-30,Preventive,7420.63
1753,27,2025-06-19,Preventive,5899.26
1754,39,2025-04-03,Preventive,3668.84
1755,87,2025-10-12,Corrective,7249.88
1756,102,2025-04-25,Preventive,5295.37
1757,40,2025-05-23,Preventive,4185.48
1758,144,2025-08-01,Corrective,6723.06
1759,2,2025-04-05,Corrective,7702.88
1760,37,2025-07-20,Corrective,1411.23
1761,16,2025-09-01,Corrective,7634.96
1762,67,2025-12-10,Preventive,1533.58
1763,91,2025-11-04,Preventive,4731.78
1764,144,2025-08-15,Preventive,3292.64
1765,21,2025-09-21,Preventive,3866.39
1766,105,2025-04-06,Preventive,2961.62
1767,126,2025-04-25,Corrective,4342.04
1768,59,2025-03-18,Preventive,6089.96
1769,69,2025-08-06,Preventive,8915.44
1770,118,2025-05-10,Corrective,2253.94
1771,59,2025-04-21,Preventive,5936.16
1772,24,2025-12-25,Corrective,7114.3
1773,10,2025-09-04,Corrective,8917.14
1774,82,2025-08-19,Corrective,4306.28
1775,27,2025-06-22,Preventive,6490.17
1776,55,2025-04-04,Corrective,4700.23
1777,115,2025-11-27,Preventive,9917.58
1778,129,2025-02-17,Corrective,1426.53
1779,108,2025-08-11,Preventive,8976.84
1780,132,2025-02-24,Corrective,5013.25
1781,86,2025-01-31,Preventive,6591.04
1782,36,2025-11-26,Corrective,4675.61
1783,4,2025-05-25,Preventive,5675.3
1784,148,2025-07-10,Preventive,6079.69
1785,94,2025-07-27,Corrective,3117.07
1786,137,2025-05-27,Preventive,2605.76
1787,29,2025-05-19,Corrective,8134.5
1788,105,2025-11-15,Corrective,4012.9
1789,142,2025-04-11,Preventive,2761.82
1790,102,2025-09-30,Preventive,1156.07
1791,102,2025-12-02,Preventive,9115.97
1792,123,2025-11-19,Corrective,2350.0
1793,42,2025-11-03,Corrective,8630.41
1794,53,2025-03-07,Corrective,729.38
1795,71,2025-08-03,Preventive,2919.56
1796,148,2025-07-03,Corrective,3731.76
1797,48,2025-03-18,Corrective,6335.07
1798,92,2025-04-19,Preventive,8758.67
1799,109,2025-03-02,Corrective,1586.72
1800,105,2025-08-15,Preventive,7215.8
1801,51,2025-09-11,Corrective,3921.39
1802,132,2025-09-05,Preventive,3404.24
1803,111,2025-07-26,Preventive,3890.7
1804,148,2025-08-10,Preventive,1298.62
1805,56,2025-07-28,Corrective,4627.66
1806,80,2025-08-09,Preventive,4069.03
1807,104,2025-09-03,Preventive,7768.84
1808,23,2025-03-22,Preventive,5029.75
1809,150,2025-08-23,Corrective,5483.07
1810,78,2025-06-16,Corrective,7480.6
1811,129,2025-08-23,Corrective,8559.31
1812,32,2025-07-06,Corrective,8804.02
1813,139,2025-05-02,Corrective,7588.22
1814,8,2025-11-24,Corrective,2505.72
1815,135,2025-12-29,Preventive,4082.91
1816,66,2025-02-05,Preventive,8471.78
1817,116,2025-10-30,Preventive,2576.04
1818,48,2025-04-29,Corrective,8047.93
1819,13,2025-06-17,Preventive,5657.41
1820,116,2025-12-15,Preventive,9991.78
1821,2,2025-05-28,Preventive,9173.02
1822,87,2025-01-23,Preventive,9973.12
1823,2,2025-09-17,Preventive,7849.86
1824,93,2025-11-23,Preventive,4686.91
1825,62,2025-03-08,Preventive,1917.13
1826,107,2025-01-09,Corrective,3689.74
1827,62,2025-12-30,Corrective,7363.83
1828,136,2025-01-06,Corrective,6379.91
1829,129,2025-07-25,Corrective,1349.98
1830,41,2025-10-15,Corrective,4018.11
1831,132,2025-03-14,Corrective,6179.73
1832,40,2025-09-25,Preventive,3979.32
1833,133,2025-08-27,Corrective,1509.12
1834,113,2025-08-12,Preventive,3205.92
1835,99,2025-12-22,Corrective,2760.35
1836,147,2025-09-21,Corrective,5194.28
1837,139,2025-10-11,Corrective,7059.45
1838,104,2025-01-11,Corrective,6930.36
1839,98,2025-04-09,Corrective,5301.37
1840,75,2025-02-17,Corrective,4353.77
1841,42,2025-11-09,Corrective,7594.56
1842,63,2025-07-12,Preventive,4755.01
1843,86,2025-02-22,Preventive,1092.43
1844,88,2025-07-25,Corrective,6751.77
1845,92,2025-05-02,Corrective,6507.8
1846,32,2025-11-11,Corrective,8929.01
1847,25,2025-06-26,Corrective,6008.1
1848,116,2025-02-23,Preventive,8256.23
1849,69,2025-11-21,Corrective,7521.71
1850,65,2025-11-05,Corrective,2908.53
1851,132,2025-11-13,Preventive,6794.04
1852,102,2025-11-13,Corrective,4140.8
1853,137,2025-07-24,Corrective,887.71
1854,49,2025-05-01,Preventive,1258.25
1855,88,2025-05-30,Preventive,6863.99
1856,98,2025-05-20,Corrective,8534.37
1857,125,2025-05-04,Preventive,9893.93
1858,53,2025-11-26,Preventive,2216.78
1859,116,2025-10-24,Corrective,9535.39
1860,44,2025-08-12,Corrective,6568.57
1861,72,2025-12-25,Preventive,2279.59
1862,77,2025-04-14,Preventive,7545.15
1863,71,2025-05-15,Corrective,5419.45
1864,71,2025-09-27,Corrective,2832.17
1865,145,2025-11-13,Corrective,3467.13
1866,31,2025-12-02,Corrective,1099.2
1867,35,2025-07-13,Preventive,7033.05
1868,21,2025-06-07,Corrective,2530.09
1869,131,2025-10-22,Corrective,8838.89
1870,79,2025-04-12,Corrective,9068.82
1871,108,2025-03-10,Preventive,1011.01
1872,80,2025-06-03,Preventive,2839.45
1873,80,2025-10-07,Preventive,8482.18
1874,31,2025-10-31,Corrective,4613.02
1875,113,2025-02-19,Corrective,5831.09
1876,77,2025-09-12,Corrective,4282.12
1877,20,2025-05-14,Corrective,6956.89
1878,121,2025-12-28,Preventive,9762.82
1879,88,2025-09-14,Preventive,3824.22
1880,37,2025-01-29,Preventive,3131.75
1881,59,2025-10-03,Corrective,7731.83
1882,142,2025-10-19,Preventive,616.37
1883,90,2025-01-23,Preventive,5369.26
1884,114,2025-12-29,Preventive,6990.64
1885,93,2025-02-12,Corrective,7694.35
1886,59,2025-04-07,Corrective,6757.06
1887,91,2025-07-24,Preventive,4971.62
1888,82,2025-10-31,Preventive,5327.43
1889,63,2025-06-11,Corrective,7238.56
1890,46,2025-12-15,Corrective,6957.43
1891,108,2025-09-19,Preventive,2725.51
1892,128,2025-07-04,Corrective,8791.97
1893,43,2025-06-13,Corrective,2766.15
1894,7,2025-01-02,Preventive,7217.38
1895,64,2025-04-05,Corrective,2448.29
1896,19,2025-11-21,Preventive,6549.1
1897,82,2025-08-29,Preventive,2483.84
1898,1,2025-12-11,Preventive,7904.38
1899,59,2025-01-24,Corrective,1423.25
1900,135,2025-10-03,Corrective,9429.71
1901,60,2025-06-18,Preventive,4613.66
1902,132,2025-04-23,Corrective,1734.71
1903,31,2025-07-25,Corrective,3313.16
1904,146,2025-11-07,Corrective,6082.51
1905,135,2025-01-28,Preventive,7185.73
1906,130,2025-04-09,Corrective,7253.92
1907,1,2025-08-29,Preventive,1666.79
1908,23,2025-11-18,Preventive,2502.67
1909,38,2025-11-18,Preventive,8080.32
1910,40,2025-07-25,Corrective,3776.61
1911,87,2025-01-05,Preventive,6393.18
1912,99,2025-10-18,Corrective,658.38
1913,85,2025-05-12,Preventive,9494.54
1914,138,2025-09-13,Corrective,9808.17
1915,93,2025-10-12,Corrective,8950.44
1916,105,2025-06-21,Corrective,8563.26
1917,146,2025-07-26,Corrective,9285.57
1918,38,2025-06-26,Preventive,8078.52
1919,66,2025-02-23,Corrective,5688.54
1920,137,2025-08-10,Corrective,3900.74
1921,90,2025-07-19,Preventive,8905.63
1922,122,2025-06-05,Corrective,4771.41
1923,54,2025-03-19,Corrective,6118.88
1924,74,2025-04-02,Preventive,6357.35
1925,80,2025-02-28,Corrective,9811.66
1926,104,2025-01-09,Corrective,8225.26
1927,122,2025-05-08,Preventive,7198.55
1928,130,2025-06-27,Corrective,3432.57
1929,91,2025-07-28,Preventive,6423.45
1930,116,2025-01-13,Preventive,6528.79
1931,30,2025-09-30,Preventive,8928.24
1932,60,2025-06-27,Corrective,6699.99
1933,141,2025-11-20,Corrective,8427.81
1934,14,2025-02-03,Corrective,9145.71
1935,10,2025-05-03,Preventive,8295.74
1936,28,2025-04-15,Preventive,2787.17
1937,145,2025-06-17,Preventive,1833.1
1938,58,2025-08-12,Corrective,8286.16
1939,70,2025-01-29,Corrective,1979.18
1940,126,2025-01-31,Corrective,1649.34
1941,94,2025-11-22,Preventive,9278.04
1942,86,2025-08-01,Corrective,839.55
1943,55,2025-04-27,Preventive,9363.53
1944,54,2025-07-17,Preventive,2463.01
1945,129,2025-03-23,Corrective,5146.27
1946,108,2025-02-18,Corrective,6020.0
1947,40,2025-06-01,Corrective,8010.68
1948,129,2025-05-22,Preventive,907.59
1949,71,2025-07-14,Preventive,3772.58
1950,132,2025-02-11,Preventive,5262.89
1951,130,2025-01-11,Corrective,6112.27
1952,12,2025-02-04,Preventive,9008.56
1953,102,2025-10-28,Corrective,8181.43
1954,113,2025-11-28,Preventive,2803.68
1955,35,2025-07-26,Preventive,5131.94
1956,31,2025-04-24,Preventive,1849.31
1957,63,2025-07-25,Preventive,5428.63
1958,112,2025-07-05,Preventive,6827.77
1959,71,2025-11-27,Corrective,8174.78
1960,3,2025-06-13,Preventive,1930.97
1961,81,2025-02-04,Preventive,5758.56
1962,73,2025-07-08,Corrective,7738.43
1963,56,2025-11-09,Preventive,3107.96
1964,11,2025-02-03,Preventive,2040.15
1965,66,2025-02-09,Corrective,4034.02
1966,67,2025-03-29,Corrective,2624.82
1967,6,2025-06-18,Corrective,3116.94
1968,17,2025-03-18,Corrective,5072.51
1969,28,2025-11-29,Preventive,9446.91
1970,12,2025-11-13,Corrective,2263.93
1971,99,2025-10-07,Corrective,5502.77
1972,73,2025-02-28,Preventive,8048.66
1973,144,2025-06-20,Preventive,6725.03
1974,146,2025-06-16,Preventive,7823.9
1975,140,2025-02-15,Corrective,994.87
1976,21,2025-03-04,Corrective,8732.1
1977,150,2025-01-13,Corrective,672.95
1978,137,2025-05-02,Preventive,1826.74
1979,38,2025-10-06,Preventive,8246.88
1980,57,2025-08-21,Corrective,9229.72
1981,63,2025-10-27,Preventive,1264.99
1982,114,2025-01-07,Preventive,4396.41
1983,43,2025-02-06,Preventive,7542.75
1984,88,2025-05-20,Corrective,4087.93
1985,57,2025-11-24,Preventive,9935.63
1986,40,2025-06-26,Preventive,2145.85
1987,14,2025-12-22,Preventive,4593.62
1988,94,2025-10-02,Preventive,7927.34
1989,87,2025-08-24,Corrective,9079.69
1990,123,2025-11-28,Corrective,4797.69
1991,132,2025-04-10,Corrective,8833.89
1992,145,2025-02-04,Corrective,8557.97
1993,113,2025-11-11,Corrective,5274.63
1994,48,2025-09-13,Preventive,1667.5
1995,3,2025-01-02,Corrective,9804.16
1996,116,2025-03-05,Corrective,6504.66
1997,26,2025-08-30,Preventive,9430.3
1998,30,2025-11-08,Corrective,6489.56
1999,141,2025-08-04,Corrective,8355.11
2000,135,2025-05-07,Preventive,7233.2
